Empresa;Departamento;Municipio;Número único de identificación del sistema de tratamiento (NUPTAR);Caudal medio anual a la entrada (L/S);Caudal medio anual a la salida (LTS/SG);pH Unidades;Temperatura (°C);Sóidos Totales (mg/litro);DBO (Kg/Día);DQO (Kg/Día;Fecha de cargue;;
ACUEDUCTO ALCANTARILLADO Y ASEO DE COCONUCO S.A ESP;CAUCA;PURACE;4405;0;0;0;0;0;0;0;22-may-25;;
ACUEDUCTOS Y ALCANTARILLADOS SOSTENIBLES A.A.S. S.A.  E.S.P.;ANTIOQUIA;AMALFI;2342;14.4;14.4;7.16;21.8;481;103.2;267;20-mar-25;;
ACUEDUCTOS Y ALCANTARILLADOS SOSTENIBLES A.A.S. S.A.  E.S.P.;ANTIOQUIA;AMALFI;2343;17.7;17.7;6.99;19.2;537;170.9;364;20-mar-25;;
ACUEDUCTOS Y ALCANTARILLADOS SOSTENIBLES A.A.S. S.A.  E.S.P.;ANTIOQUIA;AMALFI;2344;10.02;9.837;7.13;17.3;302;76.7;136;20-mar-25;;
ACUEDUCTOS Y ALCANTARILLADOS SOSTENIBLES A.A.S. S.A.  E.S.P.;ANTIOQUIA;AMALFI;2345;3.54;3.54;6.93;23.8;259;30.9;104;20-mar-25;;
ACUEDUCTOS Y ALCANTARILLADOS SOSTENIBLES A.A.S. S.A.  E.S.P.;ANTIOQUIA;AMALFI;8160;14.4;14.4;7.16;21.8;481;103.2;267;20-mar-25;;
ACUEDUCTOS Y ALCANTARILLADOS SOSTENIBLES A.A.S. S.A.  E.S.P.;ANTIOQUIA;AMALFI;8161;6.22;6.22;7.65;29.6;857;130;328;21-mar-25;;
ACUEDUCTOS Y ALCANTARILLADOS SOSTENIBLES A.A.S. S.A.  E.S.P.;ANTIOQUIA;AMALFI;8162;5.83;5.83;8.25;29.8;571;31.7;136;20-mar-25;;
ACUEDUCTOS Y ALCANTARILLADOS SOSTENIBLES A.A.S. S.A.  E.S.P.;ANTIOQUIA;AMALFI;8163;1.94;1.94;6.68;16.5;225;146.6;242;20-mar-25;;
ACUEDUCTOS Y ALCANTARILLADOS SOSTENIBLES A.A.S. S.A.  E.S.P.;ANTIOQUIA;AMALFI;8164;17.7;17.7;6.99;19.2;537;170.9;364;20-mar-25;;
ACUEDUCTOS Y ALCANTARILLADOS SOSTENIBLES A.A.S. S.A.  E.S.P.;ANTIOQUIA;AMALFI;8165;10.02;9.837;7.13;17.3;302;76.7;136;20-mar-25;;
ACUEDUCTOS Y ALCANTARILLADOS SOSTENIBLES A.A.S. S.A.  E.S.P.;ANTIOQUIA;AMALFI;8166;0.47;0.47;7;21.2;365;142;274;20-mar-25;;
ACUEDUCTOS Y ALCANTARILLADOS SOSTENIBLES A.A.S. S.A.  E.S.P.;ANTIOQUIA;AMALFI;8167;0.42;0.42;7;21.6;541;102.7;383;20-mar-25;;
ACUEDUCTOS Y ALCANTARILLADOS SOSTENIBLES A.A.S. S.A.  E.S.P.;ANTIOQUIA;AMALFI;8168;3.54;3.54;6.93;23.8;259;30.9;104;20-mar-25;;
ACUEDUCTOS Y ALCANTARILLADOS SOSTENIBLES A.A.S. S.A.  E.S.P.;ANTIOQUIA;ANORI;2342;14.4;14.4;7.16;21.8;481;103.2;267;20-mar-25;;
ACUEDUCTOS Y ALCANTARILLADOS SOSTENIBLES A.A.S. S.A.  E.S.P.;ANTIOQUIA;ANORI;2343;17.7;17.7;6.99;19.2;537;170.9;364;20-mar-25;;
ACUEDUCTOS Y ALCANTARILLADOS SOSTENIBLES A.A.S. S.A.  E.S.P.;ANTIOQUIA;ANORI;2344;10.02;9.837;7.13;17.3;302;76.7;136;20-mar-25;;
ACUEDUCTOS Y ALCANTARILLADOS SOSTENIBLES A.A.S. S.A.  E.S.P.;ANTIOQUIA;ANORI;2345;3.54;3.54;6.93;23.8;259;30.9;104;20-mar-25;;
ACUEDUCTOS Y ALCANTARILLADOS SOSTENIBLES A.A.S. S.A.  E.S.P.;ANTIOQUIA;ANORI;8160;14.4;14.4;7.16;21.8;481;103.2;267;20-mar-25;;
ACUEDUCTOS Y ALCANTARILLADOS SOSTENIBLES A.A.S. S.A.  E.S.P.;ANTIOQUIA;ANORI;8161;6.22;6.22;7.65;29.6;857;130;328;21-mar-25;;
ACUEDUCTOS Y ALCANTARILLADOS SOSTENIBLES A.A.S. S.A.  E.S.P.;ANTIOQUIA;ANORI;8162;5.83;5.83;8.25;29.8;571;31.7;136;20-mar-25;;
ACUEDUCTOS Y ALCANTARILLADOS SOSTENIBLES A.A.S. S.A.  E.S.P.;ANTIOQUIA;ANORI;8163;1.94;1.94;6.68;16.5;225;146.6;242;20-mar-25;;
ACUEDUCTOS Y ALCANTARILLADOS SOSTENIBLES A.A.S. S.A.  E.S.P.;ANTIOQUIA;ANORI;8164;17.7;17.7;6.99;19.2;537;170.9;364;20-mar-25;;
ACUEDUCTOS Y ALCANTARILLADOS SOSTENIBLES A.A.S. S.A.  E.S.P.;ANTIOQUIA;ANORI;8165;10.02;9.837;7.13;17.3;302;76.7;136;20-mar-25;;
ACUEDUCTOS Y ALCANTARILLADOS SOSTENIBLES A.A.S. S.A.  E.S.P.;ANTIOQUIA;ANORI;8166;0.47;0.47;7;21.2;365;142;274;20-mar-25;;
ACUEDUCTOS Y ALCANTARILLADOS SOSTENIBLES A.A.S. S.A.  E.S.P.;ANTIOQUIA;ANORI;8167;0.42;0.42;7;21.6;541;102.7;383;20-mar-25;;
ACUEDUCTOS Y ALCANTARILLADOS SOSTENIBLES A.A.S. S.A.  E.S.P.;ANTIOQUIA;ANORI;8168;3.54;3.54;6.93;23.8;259;30.9;104;20-mar-25;;
ACUEDUCTOS Y ALCANTARILLADOS SOSTENIBLES A.A.S. S.A.  E.S.P.;ANTIOQUIA;ARBOLETES;2342;14.4;14.4;7.16;21.8;481;103.2;267;20-mar-25;;
ACUEDUCTOS Y ALCANTARILLADOS SOSTENIBLES A.A.S. S.A.  E.S.P.;ANTIOQUIA;ARBOLETES;2343;17.7;17.7;6.99;19.2;537;170.9;364;20-mar-25;;
ACUEDUCTOS Y ALCANTARILLADOS SOSTENIBLES A.A.S. S.A.  E.S.P.;ANTIOQUIA;ARBOLETES;2344;10.02;9.837;7.13;17.3;302;76.7;136;20-mar-25;;
ACUEDUCTOS Y ALCANTARILLADOS SOSTENIBLES A.A.S. S.A.  E.S.P.;ANTIOQUIA;ARBOLETES;2345;3.54;3.54;6.93;23.8;259;30.9;104;20-mar-25;;
ACUEDUCTOS Y ALCANTARILLADOS SOSTENIBLES A.A.S. S.A.  E.S.P.;ANTIOQUIA;ARBOLETES;8160;14.4;14.4;7.16;21.8;481;103.2;267;20-mar-25;;
ACUEDUCTOS Y ALCANTARILLADOS SOSTENIBLES A.A.S. S.A.  E.S.P.;ANTIOQUIA;ARBOLETES;8161;6.22;6.22;7.65;29.6;857;130;328;21-mar-25;;
ACUEDUCTOS Y ALCANTARILLADOS SOSTENIBLES A.A.S. S.A.  E.S.P.;ANTIOQUIA;ARBOLETES;8162;5.83;5.83;8.25;29.8;571;31.7;136;20-mar-25;;
ACUEDUCTOS Y ALCANTARILLADOS SOSTENIBLES A.A.S. S.A.  E.S.P.;ANTIOQUIA;ARBOLETES;8163;1.94;1.94;6.68;16.5;225;146.6;242;20-mar-25;;
ACUEDUCTOS Y ALCANTARILLADOS SOSTENIBLES A.A.S. S.A.  E.S.P.;ANTIOQUIA;ARBOLETES;8164;17.7;17.7;6.99;19.2;537;170.9;364;20-mar-25;;
ACUEDUCTOS Y ALCANTARILLADOS SOSTENIBLES A.A.S. S.A.  E.S.P.;ANTIOQUIA;ARBOLETES;8165;10.02;9.837;7.13;17.3;302;76.7;136;20-mar-25;;
ACUEDUCTOS Y ALCANTARILLADOS SOSTENIBLES A.A.S. S.A.  E.S.P.;ANTIOQUIA;ARBOLETES;8166;0.47;0.47;7;21.2;365;142;274;20-mar-25;;
ACUEDUCTOS Y ALCANTARILLADOS SOSTENIBLES A.A.S. S.A.  E.S.P.;ANTIOQUIA;ARBOLETES;8167;0.42;0.42;7;21.6;541;102.7;383;20-mar-25;;
ACUEDUCTOS Y ALCANTARILLADOS SOSTENIBLES A.A.S. S.A.  E.S.P.;ANTIOQUIA;ARBOLETES;8168;3.54;3.54;6.93;23.8;259;30.9;104;20-mar-25;;
ACUEDUCTOS Y ALCANTARILLADOS SOSTENIBLES A.A.S. S.A.  E.S.P.;ANTIOQUIA;ARMENIA;2342;14.4;14.4;7.16;21.8;481;103.2;267;20-mar-25;;
ACUEDUCTOS Y ALCANTARILLADOS SOSTENIBLES A.A.S. S.A.  E.S.P.;ANTIOQUIA;ARMENIA;2343;17.7;17.7;6.99;19.2;537;170.9;364;20-mar-25;;
ACUEDUCTOS Y ALCANTARILLADOS SOSTENIBLES A.A.S. S.A.  E.S.P.;ANTIOQUIA;ARMENIA;2344;10.02;9.837;7.13;17.3;302;76.7;136;20-mar-25;;
ACUEDUCTOS Y ALCANTARILLADOS SOSTENIBLES A.A.S. S.A.  E.S.P.;ANTIOQUIA;ARMENIA;2345;3.54;3.54;6.93;23.8;259;30.9;104;20-mar-25;;
ACUEDUCTOS Y ALCANTARILLADOS SOSTENIBLES A.A.S. S.A.  E.S.P.;ANTIOQUIA;ARMENIA;8160;14.4;14.4;7.16;21.8;481;103.2;267;20-mar-25;;
ACUEDUCTOS Y ALCANTARILLADOS SOSTENIBLES A.A.S. S.A.  E.S.P.;ANTIOQUIA;ARMENIA;8161;6.22;6.22;7.65;29.6;857;130;328;21-mar-25;;
ACUEDUCTOS Y ALCANTARILLADOS SOSTENIBLES A.A.S. S.A.  E.S.P.;ANTIOQUIA;ARMENIA;8162;5.83;5.83;8.25;29.8;571;31.7;136;20-mar-25;;
ACUEDUCTOS Y ALCANTARILLADOS SOSTENIBLES A.A.S. S.A.  E.S.P.;ANTIOQUIA;ARMENIA;8163;1.94;1.94;6.68;16.5;225;146.6;242;20-mar-25;;
ACUEDUCTOS Y ALCANTARILLADOS SOSTENIBLES A.A.S. S.A.  E.S.P.;ANTIOQUIA;ARMENIA;8164;17.7;17.7;6.99;19.2;537;170.9;364;20-mar-25;;
ACUEDUCTOS Y ALCANTARILLADOS SOSTENIBLES A.A.S. S.A.  E.S.P.;ANTIOQUIA;ARMENIA;8165;10.02;9.837;7.13;17.3;302;76.7;136;20-mar-25;;
ACUEDUCTOS Y ALCANTARILLADOS SOSTENIBLES A.A.S. S.A.  E.S.P.;ANTIOQUIA;ARMENIA;8166;0.47;0.47;7;21.2;365;142;274;20-mar-25;;
ACUEDUCTOS Y ALCANTARILLADOS SOSTENIBLES A.A.S. S.A.  E.S.P.;ANTIOQUIA;ARMENIA;8167;0.42;0.42;7;21.6;541;102.7;383;20-mar-25;;
ACUEDUCTOS Y ALCANTARILLADOS SOSTENIBLES A.A.S. S.A.  E.S.P.;ANTIOQUIA;ARMENIA;8168;3.54;3.54;6.93;23.8;259;30.9;104;20-mar-25;;
ACUEDUCTOS Y ALCANTARILLADOS SOSTENIBLES A.A.S. S.A.  E.S.P.;ANTIOQUIA;ITUANGO;2342;14.4;14.4;7.16;21.8;481;103.2;267;20-mar-25;;
ACUEDUCTOS Y ALCANTARILLADOS SOSTENIBLES A.A.S. S.A.  E.S.P.;ANTIOQUIA;ITUANGO;2343;17.7;17.7;6.99;19.2;537;170.9;364;20-mar-25;;
ACUEDUCTOS Y ALCANTARILLADOS SOSTENIBLES A.A.S. S.A.  E.S.P.;ANTIOQUIA;ITUANGO;2344;10.02;9.837;7.13;17.3;302;76.7;136;20-mar-25;;
ACUEDUCTOS Y ALCANTARILLADOS SOSTENIBLES A.A.S. S.A.  E.S.P.;ANTIOQUIA;ITUANGO;2345;3.54;3.54;6.93;23.8;259;30.9;104;20-mar-25;;
ACUEDUCTOS Y ALCANTARILLADOS SOSTENIBLES A.A.S. S.A.  E.S.P.;ANTIOQUIA;ITUANGO;8160;14.4;14.4;7.16;21.8;481;103.2;267;20-mar-25;;
ACUEDUCTOS Y ALCANTARILLADOS SOSTENIBLES A.A.S. S.A.  E.S.P.;ANTIOQUIA;ITUANGO;8161;6.22;6.22;7.65;29.6;857;130;328;21-mar-25;;
ACUEDUCTOS Y ALCANTARILLADOS SOSTENIBLES A.A.S. S.A.  E.S.P.;ANTIOQUIA;ITUANGO;8162;5.83;5.83;8.25;29.8;571;31.7;136;20-mar-25;;
ACUEDUCTOS Y ALCANTARILLADOS SOSTENIBLES A.A.S. S.A.  E.S.P.;ANTIOQUIA;ITUANGO;8163;1.94;1.94;6.68;16.5;225;146.6;242;20-mar-25;;
ACUEDUCTOS Y ALCANTARILLADOS SOSTENIBLES A.A.S. S.A.  E.S.P.;ANTIOQUIA;ITUANGO;8164;17.7;17.7;6.99;19.2;537;170.9;364;20-mar-25;;
ACUEDUCTOS Y ALCANTARILLADOS SOSTENIBLES A.A.S. S.A.  E.S.P.;ANTIOQUIA;ITUANGO;8165;10.02;9.837;7.13;17.3;302;76.7;136;20-mar-25;;
ACUEDUCTOS Y ALCANTARILLADOS SOSTENIBLES A.A.S. S.A.  E.S.P.;ANTIOQUIA;ITUANGO;8166;0.47;0.47;7;21.2;365;142;274;20-mar-25;;
ACUEDUCTOS Y ALCANTARILLADOS SOSTENIBLES A.A.S. S.A.  E.S.P.;ANTIOQUIA;ITUANGO;8167;0.42;0.42;7;21.6;541;102.7;383;20-mar-25;;
ACUEDUCTOS Y ALCANTARILLADOS SOSTENIBLES A.A.S. S.A.  E.S.P.;ANTIOQUIA;ITUANGO;8168;3.54;3.54;6.93;23.8;259;30.9;104;20-mar-25;;
ACUEDUCTOS Y ALCANTARILLADOS SOSTENIBLES A.A.S. S.A.  E.S.P.;ANTIOQUIA;PUERTO TRIUNFO;2342;14.4;14.4;7.16;21.8;481;103.2;267;20-mar-25;;
ACUEDUCTOS Y ALCANTARILLADOS SOSTENIBLES A.A.S. S.A.  E.S.P.;ANTIOQUIA;PUERTO TRIUNFO;2343;17.7;17.7;6.99;19.2;537;170.9;364;20-mar-25;;
ACUEDUCTOS Y ALCANTARILLADOS SOSTENIBLES A.A.S. S.A.  E.S.P.;ANTIOQUIA;PUERTO TRIUNFO;2344;10.02;9.837;7.13;17.3;302;76.7;136;20-mar-25;;
ACUEDUCTOS Y ALCANTARILLADOS SOSTENIBLES A.A.S. S.A.  E.S.P.;ANTIOQUIA;PUERTO TRIUNFO;2345;3.54;3.54;6.93;23.8;259;30.9;104;20-mar-25;;
ACUEDUCTOS Y ALCANTARILLADOS SOSTENIBLES A.A.S. S.A.  E.S.P.;ANTIOQUIA;PUERTO TRIUNFO;8160;14.4;14.4;7.16;21.8;481;103.2;267;20-mar-25;;
ACUEDUCTOS Y ALCANTARILLADOS SOSTENIBLES A.A.S. S.A.  E.S.P.;ANTIOQUIA;PUERTO TRIUNFO;8161;6.22;6.22;7.65;29.6;857;130;328;21-mar-25;;
ACUEDUCTOS Y ALCANTARILLADOS SOSTENIBLES A.A.S. S.A.  E.S.P.;ANTIOQUIA;PUERTO TRIUNFO;8162;5.83;5.83;8.25;29.8;571;31.7;136;20-mar-25;;
ACUEDUCTOS Y ALCANTARILLADOS SOSTENIBLES A.A.S. S.A.  E.S.P.;ANTIOQUIA;PUERTO TRIUNFO;8163;1.94;1.94;6.68;16.5;225;146.6;242;20-mar-25;;
ACUEDUCTOS Y ALCANTARILLADOS SOSTENIBLES A.A.S. S.A.  E.S.P.;ANTIOQUIA;PUERTO TRIUNFO;8164;17.7;17.7;6.99;19.2;537;170.9;364;20-mar-25;;
ACUEDUCTOS Y ALCANTARILLADOS SOSTENIBLES A.A.S. S.A.  E.S.P.;ANTIOQUIA;PUERTO TRIUNFO;8165;10.02;9.837;7.13;17.3;302;76.7;136;20-mar-25;;
ACUEDUCTOS Y ALCANTARILLADOS SOSTENIBLES A.A.S. S.A.  E.S.P.;ANTIOQUIA;PUERTO TRIUNFO;8166;0.47;0.47;7;21.2;365;142;274;20-mar-25;;
ACUEDUCTOS Y ALCANTARILLADOS SOSTENIBLES A.A.S. S.A.  E.S.P.;ANTIOQUIA;PUERTO TRIUNFO;8167;0.42;0.42;7;21.6;541;102.7;383;20-mar-25;;
ACUEDUCTOS Y ALCANTARILLADOS SOSTENIBLES A.A.S. S.A.  E.S.P.;ANTIOQUIA;PUERTO TRIUNFO;8168;3.54;3.54;6.93;23.8;259;30.9;104;20-mar-25;;
ACUEDUCTOS Y ALCANTARILLADOS SOSTENIBLES A.A.S. S.A.  E.S.P.;ANTIOQUIA;SAN JOSE DE LA MONTAÑA;2342;14.4;14.4;7.16;21.8;481;103.2;267;20-mar-25;;
ACUEDUCTOS Y ALCANTARILLADOS SOSTENIBLES A.A.S. S.A.  E.S.P.;ANTIOQUIA;SAN JOSE DE LA MONTAÑA;2343;17.7;17.7;6.99;19.2;537;170.9;364;20-mar-25;;
ACUEDUCTOS Y ALCANTARILLADOS SOSTENIBLES A.A.S. S.A.  E.S.P.;ANTIOQUIA;SAN JOSE DE LA MONTAÑA;2344;10.02;9.837;7.13;17.3;302;76.7;136;20-mar-25;;
ACUEDUCTOS Y ALCANTARILLADOS SOSTENIBLES A.A.S. S.A.  E.S.P.;ANTIOQUIA;SAN JOSE DE LA MONTAÑA;2345;3.54;3.54;6.93;23.8;259;30.9;104;20-mar-25;;
ACUEDUCTOS Y ALCANTARILLADOS SOSTENIBLES A.A.S. S.A.  E.S.P.;ANTIOQUIA;SAN JOSE DE LA MONTAÑA;8160;14.4;14.4;7.16;21.8;481;103.2;267;20-mar-25;;
ACUEDUCTOS Y ALCANTARILLADOS SOSTENIBLES A.A.S. S.A.  E.S.P.;ANTIOQUIA;SAN JOSE DE LA MONTAÑA;8161;6.22;6.22;7.65;29.6;857;130;328;21-mar-25;;
ACUEDUCTOS Y ALCANTARILLADOS SOSTENIBLES A.A.S. S.A.  E.S.P.;ANTIOQUIA;SAN JOSE DE LA MONTAÑA;8162;5.83;5.83;8.25;29.8;571;31.7;136;20-mar-25;;
ACUEDUCTOS Y ALCANTARILLADOS SOSTENIBLES A.A.S. S.A.  E.S.P.;ANTIOQUIA;SAN JOSE DE LA MONTAÑA;8163;1.94;1.94;6.68;16.5;225;146.6;242;20-mar-25;;
ACUEDUCTOS Y ALCANTARILLADOS SOSTENIBLES A.A.S. S.A.  E.S.P.;ANTIOQUIA;SAN JOSE DE LA MONTAÑA;8164;17.7;17.7;6.99;19.2;537;170.9;364;20-mar-25;;
ACUEDUCTOS Y ALCANTARILLADOS SOSTENIBLES A.A.S. S.A.  E.S.P.;ANTIOQUIA;SAN JOSE DE LA MONTAÑA;8165;10.02;9.837;7.13;17.3;302;76.7;136;20-mar-25;;
ACUEDUCTOS Y ALCANTARILLADOS SOSTENIBLES A.A.S. S.A.  E.S.P.;ANTIOQUIA;SAN JOSE DE LA MONTAÑA;8166;0.47;0.47;7;21.2;365;142;274;20-mar-25;;
ACUEDUCTOS Y ALCANTARILLADOS SOSTENIBLES A.A.S. S.A.  E.S.P.;ANTIOQUIA;SAN JOSE DE LA MONTAÑA;8167;0.42;0.42;7;21.6;541;102.7;383;20-mar-25;;
ACUEDUCTOS Y ALCANTARILLADOS SOSTENIBLES A.A.S. S.A.  E.S.P.;ANTIOQUIA;SAN JOSE DE LA MONTAÑA;8168;3.54;3.54;6.93;23.8;259;30.9;104;20-mar-25;;
ACUEDUCTOS Y ALCANTARILLADOS SOSTENIBLES A.A.S. S.A.  E.S.P.;ANTIOQUIA;SAN JUAN DE URABA;2342;14.4;14.4;7.16;21.8;481;103.2;267;20-mar-25;;
ACUEDUCTOS Y ALCANTARILLADOS SOSTENIBLES A.A.S. S.A.  E.S.P.;ANTIOQUIA;SAN JUAN DE URABA;2343;17.7;17.7;6.99;19.2;537;170.9;364;20-mar-25;;
ACUEDUCTOS Y ALCANTARILLADOS SOSTENIBLES A.A.S. S.A.  E.S.P.;ANTIOQUIA;SAN JUAN DE URABA;2344;10.02;9.837;7.13;17.3;302;76.7;136;20-mar-25;;
ACUEDUCTOS Y ALCANTARILLADOS SOSTENIBLES A.A.S. S.A.  E.S.P.;ANTIOQUIA;SAN JUAN DE URABA;2345;3.54;3.54;6.93;23.8;259;30.9;104;20-mar-25;;
ACUEDUCTOS Y ALCANTARILLADOS SOSTENIBLES A.A.S. S.A.  E.S.P.;ANTIOQUIA;SAN JUAN DE URABA;8160;14.4;14.4;7.16;21.8;481;103.2;267;20-mar-25;;
ACUEDUCTOS Y ALCANTARILLADOS SOSTENIBLES A.A.S. S.A.  E.S.P.;ANTIOQUIA;SAN JUAN DE URABA;8161;6.22;6.22;7.65;29.6;857;130;328;21-mar-25;;
ACUEDUCTOS Y ALCANTARILLADOS SOSTENIBLES A.A.S. S.A.  E.S.P.;ANTIOQUIA;SAN JUAN DE URABA;8162;5.83;5.83;8.25;29.8;571;31.7;136;20-mar-25;;
ACUEDUCTOS Y ALCANTARILLADOS SOSTENIBLES A.A.S. S.A.  E.S.P.;ANTIOQUIA;SAN JUAN DE URABA;8163;1.94;1.94;6.68;16.5;225;146.6;242;20-mar-25;;
ACUEDUCTOS Y ALCANTARILLADOS SOSTENIBLES A.A.S. S.A.  E.S.P.;ANTIOQUIA;SAN JUAN DE URABA;8164;17.7;17.7;6.99;19.2;537;170.9;364;20-mar-25;;
ACUEDUCTOS Y ALCANTARILLADOS SOSTENIBLES A.A.S. S.A.  E.S.P.;ANTIOQUIA;SAN JUAN DE URABA;8165;10.02;9.837;7.13;17.3;302;76.7;136;20-mar-25;;
ACUEDUCTOS Y ALCANTARILLADOS SOSTENIBLES A.A.S. S.A.  E.S.P.;ANTIOQUIA;SAN JUAN DE URABA;8166;0.47;0.47;7;21.2;365;142;274;20-mar-25;;
ACUEDUCTOS Y ALCANTARILLADOS SOSTENIBLES A.A.S. S.A.  E.S.P.;ANTIOQUIA;SAN JUAN DE URABA;8167;0.42;0.42;7;21.6;541;102.7;383;20-mar-25;;
ACUEDUCTOS Y ALCANTARILLADOS SOSTENIBLES A.A.S. S.A.  E.S.P.;ANTIOQUIA;SAN JUAN DE URABA;8168;3.54;3.54;6.93;23.8;259;30.9;104;20-mar-25;;
ACUEDUCTOS Y ALCANTARILLADOS SOSTENIBLES A.A.S. S.A.  E.S.P.;ANTIOQUIA;SAN PEDRO;2342;14.4;14.4;7.16;21.8;481;103.2;267;20-mar-25;;
ACUEDUCTOS Y ALCANTARILLADOS SOSTENIBLES A.A.S. S.A.  E.S.P.;ANTIOQUIA;SAN PEDRO;2343;17.7;17.7;6.99;19.2;537;170.9;364;20-mar-25;;
ACUEDUCTOS Y ALCANTARILLADOS SOSTENIBLES A.A.S. S.A.  E.S.P.;ANTIOQUIA;SAN PEDRO;2344;10.02;9.837;7.13;17.3;302;76.7;136;20-mar-25;;
ACUEDUCTOS Y ALCANTARILLADOS SOSTENIBLES A.A.S. S.A.  E.S.P.;ANTIOQUIA;SAN PEDRO;2345;3.54;3.54;6.93;23.8;259;30.9;104;20-mar-25;;
ACUEDUCTOS Y ALCANTARILLADOS SOSTENIBLES A.A.S. S.A.  E.S.P.;ANTIOQUIA;SAN PEDRO;8160;14.4;14.4;7.16;21.8;481;103.2;267;20-mar-25;;
ACUEDUCTOS Y ALCANTARILLADOS SOSTENIBLES A.A.S. S.A.  E.S.P.;ANTIOQUIA;SAN PEDRO;8161;6.22;6.22;7.65;29.6;857;130;328;21-mar-25;;
ACUEDUCTOS Y ALCANTARILLADOS SOSTENIBLES A.A.S. S.A.  E.S.P.;ANTIOQUIA;SAN PEDRO;8162;5.83;5.83;8.25;29.8;571;31.7;136;20-mar-25;;
ACUEDUCTOS Y ALCANTARILLADOS SOSTENIBLES A.A.S. S.A.  E.S.P.;ANTIOQUIA;SAN PEDRO;8163;1.94;1.94;6.68;16.5;225;146.6;242;20-mar-25;;
ACUEDUCTOS Y ALCANTARILLADOS SOSTENIBLES A.A.S. S.A.  E.S.P.;ANTIOQUIA;SAN PEDRO;8164;17.7;17.7;6.99;19.2;537;170.9;364;20-mar-25;;
ACUEDUCTOS Y ALCANTARILLADOS SOSTENIBLES A.A.S. S.A.  E.S.P.;ANTIOQUIA;SAN PEDRO;8165;10.02;9.837;7.13;17.3;302;76.7;136;20-mar-25;;
ACUEDUCTOS Y ALCANTARILLADOS SOSTENIBLES A.A.S. S.A.  E.S.P.;ANTIOQUIA;SAN PEDRO;8166;0.47;0.47;7;21.2;365;142;274;20-mar-25;;
ACUEDUCTOS Y ALCANTARILLADOS SOSTENIBLES A.A.S. S.A.  E.S.P.;ANTIOQUIA;SAN PEDRO;8167;0.42;0.42;7;21.6;541;102.7;383;20-mar-25;;
ACUEDUCTOS Y ALCANTARILLADOS SOSTENIBLES A.A.S. S.A.  E.S.P.;ANTIOQUIA;SAN PEDRO;8168;3.54;3.54;6.93;23.8;259;30.9;104;20-mar-25;;
ACUEDUCTOS Y ALCANTARILLADOS SOSTENIBLES A.A.S. S.A.  E.S.P.;ANTIOQUIA;SANTA ROSA DE OSOS;2342;14.4;14.4;7.16;21.8;481;103.2;267;20-mar-25;;
ACUEDUCTOS Y ALCANTARILLADOS SOSTENIBLES A.A.S. S.A.  E.S.P.;ANTIOQUIA;SANTA ROSA DE OSOS;2343;17.7;17.7;6.99;19.2;537;170.9;364;20-mar-25;;
ACUEDUCTOS Y ALCANTARILLADOS SOSTENIBLES A.A.S. S.A.  E.S.P.;ANTIOQUIA;SANTA ROSA DE OSOS;2344;10.02;9.837;7.13;17.3;302;76.7;136;20-mar-25;;
ACUEDUCTOS Y ALCANTARILLADOS SOSTENIBLES A.A.S. S.A.  E.S.P.;ANTIOQUIA;SANTA ROSA DE OSOS;2345;3.54;3.54;6.93;23.8;259;30.9;104;20-mar-25;;
ACUEDUCTOS Y ALCANTARILLADOS SOSTENIBLES A.A.S. S.A.  E.S.P.;ANTIOQUIA;SANTA ROSA DE OSOS;8160;14.4;14.4;7.16;21.8;481;103.2;267;20-mar-25;;
ACUEDUCTOS Y ALCANTARILLADOS SOSTENIBLES A.A.S. S.A.  E.S.P.;ANTIOQUIA;SANTA ROSA DE OSOS;8161;6.22;6.22;7.65;29.6;857;130;328;21-mar-25;;
ACUEDUCTOS Y ALCANTARILLADOS SOSTENIBLES A.A.S. S.A.  E.S.P.;ANTIOQUIA;SANTA ROSA DE OSOS;8162;5.83;5.83;8.25;29.8;571;31.7;136;20-mar-25;;
ACUEDUCTOS Y ALCANTARILLADOS SOSTENIBLES A.A.S. S.A.  E.S.P.;ANTIOQUIA;SANTA ROSA DE OSOS;8163;1.94;1.94;6.68;16.5;225;146.6;242;20-mar-25;;
ACUEDUCTOS Y ALCANTARILLADOS SOSTENIBLES A.A.S. S.A.  E.S.P.;ANTIOQUIA;SANTA ROSA DE OSOS;8164;17.7;17.7;6.99;19.2;537;170.9;364;20-mar-25;;
ACUEDUCTOS Y ALCANTARILLADOS SOSTENIBLES A.A.S. S.A.  E.S.P.;ANTIOQUIA;SANTA ROSA DE OSOS;8165;10.02;9.837;7.13;17.3;302;76.7;136;20-mar-25;;
ACUEDUCTOS Y ALCANTARILLADOS SOSTENIBLES A.A.S. S.A.  E.S.P.;ANTIOQUIA;SANTA ROSA DE OSOS;8166;0.47;0.47;7;21.2;365;142;274;20-mar-25;;
ACUEDUCTOS Y ALCANTARILLADOS SOSTENIBLES A.A.S. S.A.  E.S.P.;ANTIOQUIA;SANTA ROSA DE OSOS;8167;0.42;0.42;7;21.6;541;102.7;383;20-mar-25;;
ACUEDUCTOS Y ALCANTARILLADOS SOSTENIBLES A.A.S. S.A.  E.S.P.;ANTIOQUIA;SANTA ROSA DE OSOS;8168;3.54;3.54;6.93;23.8;259;30.9;104;20-mar-25;;
ACUEDUCTOS Y ALCANTARILLADOS SOSTENIBLES A.A.S. S.A.  E.S.P.;ANTIOQUIA;TITIRIBI;2342;14.4;14.4;7.16;21.8;481;103.2;267;20-mar-25;;
ACUEDUCTOS Y ALCANTARILLADOS SOSTENIBLES A.A.S. S.A.  E.S.P.;ANTIOQUIA;TITIRIBI;2343;17.7;17.7;6.99;19.2;537;170.9;364;20-mar-25;;
ACUEDUCTOS Y ALCANTARILLADOS SOSTENIBLES A.A.S. S.A.  E.S.P.;ANTIOQUIA;TITIRIBI;2344;10.02;9.837;7.13;17.3;302;76.7;136;20-mar-25;;
ACUEDUCTOS Y ALCANTARILLADOS SOSTENIBLES A.A.S. S.A.  E.S.P.;ANTIOQUIA;TITIRIBI;2345;3.54;3.54;6.93;23.8;259;30.9;104;20-mar-25;;
ACUEDUCTOS Y ALCANTARILLADOS SOSTENIBLES A.A.S. S.A.  E.S.P.;ANTIOQUIA;TITIRIBI;8160;14.4;14.4;7.16;21.8;481;103.2;267;20-mar-25;;
ACUEDUCTOS Y ALCANTARILLADOS SOSTENIBLES A.A.S. S.A.  E.S.P.;ANTIOQUIA;TITIRIBI;8161;6.22;6.22;7.65;29.6;857;130;328;21-mar-25;;
ACUEDUCTOS Y ALCANTARILLADOS SOSTENIBLES A.A.S. S.A.  E.S.P.;ANTIOQUIA;TITIRIBI;8162;5.83;5.83;8.25;29.8;571;31.7;136;20-mar-25;;
ACUEDUCTOS Y ALCANTARILLADOS SOSTENIBLES A.A.S. S.A.  E.S.P.;ANTIOQUIA;TITIRIBI;8163;1.94;1.94;6.68;16.5;225;146.6;242;20-mar-25;;
ACUEDUCTOS Y ALCANTARILLADOS SOSTENIBLES A.A.S. S.A.  E.S.P.;ANTIOQUIA;TITIRIBI;8164;17.7;17.7;6.99;19.2;537;170.9;364;20-mar-25;;
ACUEDUCTOS Y ALCANTARILLADOS SOSTENIBLES A.A.S. S.A.  E.S.P.;ANTIOQUIA;TITIRIBI;8165;10.02;9.837;7.13;17.3;302;76.7;136;20-mar-25;;
ACUEDUCTOS Y ALCANTARILLADOS SOSTENIBLES A.A.S. S.A.  E.S.P.;ANTIOQUIA;TITIRIBI;8166;0.47;0.47;7;21.2;365;142;274;20-mar-25;;
ACUEDUCTOS Y ALCANTARILLADOS SOSTENIBLES A.A.S. S.A.  E.S.P.;ANTIOQUIA;TITIRIBI;8167;0.42;0.42;7;21.6;541;102.7;383;20-mar-25;;
ACUEDUCTOS Y ALCANTARILLADOS SOSTENIBLES A.A.S. S.A.  E.S.P.;ANTIOQUIA;TITIRIBI;8168;3.54;3.54;6.93;23.8;259;30.9;104;20-mar-25;;
ACUEDUCTOS Y ALCANTARILLADOS SOSTENIBLES A.A.S. S.A.  E.S.P.;ANTIOQUIA;VENECIA;2342;14.4;14.4;7.16;21.8;481;103.2;267;20-mar-25;;
ACUEDUCTOS Y ALCANTARILLADOS SOSTENIBLES A.A.S. S.A.  E.S.P.;ANTIOQUIA;VENECIA;2343;17.7;17.7;6.99;19.2;537;170.9;364;20-mar-25;;
ACUEDUCTOS Y ALCANTARILLADOS SOSTENIBLES A.A.S. S.A.  E.S.P.;ANTIOQUIA;VENECIA;2344;10.02;9.837;7.13;17.3;302;76.7;136;20-mar-25;;
ACUEDUCTOS Y ALCANTARILLADOS SOSTENIBLES A.A.S. S.A.  E.S.P.;ANTIOQUIA;VENECIA;2345;3.54;3.54;6.93;23.8;259;30.9;104;20-mar-25;;
ACUEDUCTOS Y ALCANTARILLADOS SOSTENIBLES A.A.S. S.A.  E.S.P.;ANTIOQUIA;VENECIA;8160;14.4;14.4;7.16;21.8;481;103.2;267;20-mar-25;;
ACUEDUCTOS Y ALCANTARILLADOS SOSTENIBLES A.A.S. S.A.  E.S.P.;ANTIOQUIA;VENECIA;8161;6.22;6.22;7.65;29.6;857;130;328;21-mar-25;;
ACUEDUCTOS Y ALCANTARILLADOS SOSTENIBLES A.A.S. S.A.  E.S.P.;ANTIOQUIA;VENECIA;8162;5.83;5.83;8.25;29.8;571;31.7;136;20-mar-25;;
ACUEDUCTOS Y ALCANTARILLADOS SOSTENIBLES A.A.S. S.A.  E.S.P.;ANTIOQUIA;VENECIA;8163;1.94;1.94;6.68;16.5;225;146.6;242;20-mar-25;;
ACUEDUCTOS Y ALCANTARILLADOS SOSTENIBLES A.A.S. S.A.  E.S.P.;ANTIOQUIA;VENECIA;8164;17.7;17.7;6.99;19.2;537;170.9;364;20-mar-25;;
ACUEDUCTOS Y ALCANTARILLADOS SOSTENIBLES A.A.S. S.A.  E.S.P.;ANTIOQUIA;VENECIA;8165;10.02;9.837;7.13;17.3;302;76.7;136;20-mar-25;;
ACUEDUCTOS Y ALCANTARILLADOS SOSTENIBLES A.A.S. S.A.  E.S.P.;ANTIOQUIA;VENECIA;8166;0.47;0.47;7;21.2;365;142;274;20-mar-25;;
ACUEDUCTOS Y ALCANTARILLADOS SOSTENIBLES A.A.S. S.A.  E.S.P.;ANTIOQUIA;VENECIA;8167;0.42;0.42;7;21.6;541;102.7;383;20-mar-25;;
ACUEDUCTOS Y ALCANTARILLADOS SOSTENIBLES A.A.S. S.A.  E.S.P.;ANTIOQUIA;VENECIA;8168;3.54;3.54;6.93;23.8;259;30.9;104;20-mar-25;;
ACUEDUCTOS Y ALCANTARILLADOS SOSTENIBLES A.A.S. S.A.  E.S.P.;ANTIOQUIA;YALI;2342;14.4;14.4;7.16;21.8;481;103.2;267;20-mar-25;;
ACUEDUCTOS Y ALCANTARILLADOS SOSTENIBLES A.A.S. S.A.  E.S.P.;ANTIOQUIA;YALI;2343;17.7;17.7;6.99;19.2;537;170.9;364;20-mar-25;;
ACUEDUCTOS Y ALCANTARILLADOS SOSTENIBLES A.A.S. S.A.  E.S.P.;ANTIOQUIA;YALI;2344;10.02;9.837;7.13;17.3;302;76.7;136;20-mar-25;;
ACUEDUCTOS Y ALCANTARILLADOS SOSTENIBLES A.A.S. S.A.  E.S.P.;ANTIOQUIA;YALI;2345;3.54;3.54;6.93;23.8;259;30.9;104;20-mar-25;;
ACUEDUCTOS Y ALCANTARILLADOS SOSTENIBLES A.A.S. S.A.  E.S.P.;ANTIOQUIA;YALI;8160;14.4;14.4;7.16;21.8;481;103.2;267;20-mar-25;;
ACUEDUCTOS Y ALCANTARILLADOS SOSTENIBLES A.A.S. S.A.  E.S.P.;ANTIOQUIA;YALI;8161;6.22;6.22;7.65;29.6;857;130;328;21-mar-25;;
ACUEDUCTOS Y ALCANTARILLADOS SOSTENIBLES A.A.S. S.A.  E.S.P.;ANTIOQUIA;YALI;8162;5.83;5.83;8.25;29.8;571;31.7;136;20-mar-25;;
ACUEDUCTOS Y ALCANTARILLADOS SOSTENIBLES A.A.S. S.A.  E.S.P.;ANTIOQUIA;YALI;8163;1.94;1.94;6.68;16.5;225;146.6;242;20-mar-25;;
ACUEDUCTOS Y ALCANTARILLADOS SOSTENIBLES A.A.S. S.A.  E.S.P.;ANTIOQUIA;YALI;8164;17.7;17.7;6.99;19.2;537;170.9;364;20-mar-25;;
ACUEDUCTOS Y ALCANTARILLADOS SOSTENIBLES A.A.S. S.A.  E.S.P.;ANTIOQUIA;YALI;8165;10.02;9.837;7.13;17.3;302;76.7;136;20-mar-25;;
ACUEDUCTOS Y ALCANTARILLADOS SOSTENIBLES A.A.S. S.A.  E.S.P.;ANTIOQUIA;YALI;8166;0.47;0.47;7;21.2;365;142;274;20-mar-25;;
ACUEDUCTOS Y ALCANTARILLADOS SOSTENIBLES A.A.S. S.A.  E.S.P.;ANTIOQUIA;YALI;8167;0.42;0.42;7;21.6;541;102.7;383;20-mar-25;;
ACUEDUCTOS Y ALCANTARILLADOS SOSTENIBLES A.A.S. S.A.  E.S.P.;ANTIOQUIA;YALI;8168;3.54;3.54;6.93;23.8;259;30.9;104;20-mar-25;;
ADMINISTRACION PUBLICA COOPERATIVA EMPRESA DE SERVICIOS PUBLICOS DEL RIO E.S.P.;MAGDALENA;EL PIÑON;1382;5.965;0;0;0;0;0;0;10-feb-25;;
ADMINISTRACION PUBLICA COOPERATIVA EMPRESA DE SERVICIOS PUBLICOS DEL RIO E.S.P.;MAGDALENA;EL PIÑON;1383;3.753;9;0;0;0;0;0;10-feb-25;;
ADMINISTRACION PUBLICA COOPERATIVA EMPRESA DE SERVICIOS PUBLICOS DEL RIO E.S.P.;MAGDALENA;SALAMINA;1382;5.965;0;0;0;0;0;0;10-feb-25;;
ADMINISTRACION PUBLICA COOPERATIVA EMPRESA DE SERVICIOS PUBLICOS DEL RIO E.S.P.;MAGDALENA;SALAMINA;1383;3.753;9;0;0;0;0;0;10-feb-25;;
ADMINISTRACION PUBLICA COOPERATIVA EMPRESA SOLIDARIA DE SERVICIOS PUBLICOS DEL MUNICIPIO DE SAN MIGUEL DE SEMA;BOYACA;SAN MIGUEL DE SEMA;1842;0.4;7;0;0;0;0;0;24-APR-25;;
AGUA DE LOS PATIOS S.A. E.S.P.;NORTE DE SANTANDER;LOS PATIOS;1742;18.952;16.223;7.278;30.569;63.25;34;93.285;21-may-25;;
AGUAS DE  LA SABANA DE BOGOTA S.A.  E.S.P.;CUNDINAMARCA;COTA;4465;36.25;36.25;7.275;21.1;7.5;15.45;24.45;31-jul-25;;
AGUAS DE  LA SABANA DE BOGOTA S.A.  E.S.P.;CUNDINAMARCA;COTA;8219;36.25;36.25;7.275;21.1;7.5;15.45;24.45;31-jul-25;;
AGUAS DE  LA SABANA DE BOGOTA S.A.  E.S.P.;CUNDINAMARCA;FUNZA;4465;36.25;36.25;7.275;21.1;7.5;15.45;24.45;31-jul-25;;
AGUAS DE  LA SABANA DE BOGOTA S.A.  E.S.P.;CUNDINAMARCA;FUNZA;8219;36.25;36.25;7.275;21.1;7.5;15.45;24.45;31-jul-25;;
AGUAS DE  LA SABANA DE BOGOTA S.A.  E.S.P.;CUNDINAMARCA;TENJO;4465;36.25;36.25;7.275;21.1;7.5;15.45;24.45;31-jul-25;;
AGUAS DE  LA SABANA DE BOGOTA S.A.  E.S.P.;CUNDINAMARCA;TENJO;8219;36.25;36.25;7.275;21.1;7.5;15.45;24.45;31-jul-25;;
AGUAS DE BARRANCABERMEJA S.A. E.S.P;SANTANDER;BARRANCABERMEJA;981;0.95;0.86;6.8;30;61.3;66;142;21-mar-25;;
AGUAS DE BARRANCABERMEJA S.A. E.S.P;SANTANDER;BARRANCABERMEJA;984;0.77;0.57;7;31;26.2;72;156;21-mar-25;;
AGUAS DE CARTAGENA S.A.  E.S.P.;BOLIVAR;CARTAGENA;3482;1380.417;1380.417;8.233;30.15;16.192;1.708;0;16-mar-25;;
AGUAS DE LA PENINSULA S.A E.S.P.;LA GUAJIRA;MAICAO;861;94;41;8.245;32.525;68.5;170.425;286;15-mar-25;;
AGUAS DE LA SABANA S.A. E.S.P.;BOLIVAR;MAGANGUE;5305;17;16.65;7.28;26.75;59.6;67.5;141.5;24-JAN-25;;
AGUAS DE LA SABANA S.A. E.S.P.;BOLIVAR;MAGANGUE;5306;14.16;14.265;7.625;27.25;51.25;67.5;154.5;24-JAN-25;;
AGUAS DE LA SABANA S.A. E.S.P.;BOLIVAR;MAGANGUE;7259;578.917;575.917;7.692;26.158;40.558;61.283;132.083;20-JAN-25;;
AGUAS DE LA SABANA S.A. E.S.P.;CORDOBA;CHINU;5305;17;16.65;7.28;26.75;59.6;67.5;141.5;24-JAN-25;;
AGUAS DE LA SABANA S.A. E.S.P.;CORDOBA;CHINU;5306;14.16;14.265;7.625;27.25;51.25;67.5;154.5;24-JAN-25;;
AGUAS DE LA SABANA S.A. E.S.P.;CORDOBA;CHINU;7259;578.917;575.917;7.692;26.158;40.558;61.283;132.083;20-JAN-25;;
AGUAS DE LA SABANA S.A. E.S.P.;SUCRE;COROZAL;5305;17;16.65;7.28;26.75;59.6;67.5;141.5;24-JAN-25;;
AGUAS DE LA SABANA S.A. E.S.P.;SUCRE;COROZAL;5306;14.16;14.265;7.625;27.25;51.25;67.5;154.5;24-JAN-25;;
AGUAS DE LA SABANA S.A. E.S.P.;SUCRE;COROZAL;7259;578.917;575.917;7.692;26.158;40.558;61.283;132.083;20-JAN-25;;
AGUAS DE LA SABANA S.A. E.S.P.;SUCRE;SINCE;5305;17;16.65;7.28;26.75;59.6;67.5;141.5;24-JAN-25;;
AGUAS DE LA SABANA S.A. E.S.P.;SUCRE;SINCE;5306;14.16;14.265;7.625;27.25;51.25;67.5;154.5;24-JAN-25;;
AGUAS DE LA SABANA S.A. E.S.P.;SUCRE;SINCE;7259;578.917;575.917;7.692;26.158;40.558;61.283;132.083;20-JAN-25;;
AGUAS DE LA SABANA S.A. E.S.P.;SUCRE;SINCELEJO;5305;17;16.65;7.28;26.75;59.6;67.5;141.5;24-JAN-25;;
AGUAS DE LA SABANA S.A. E.S.P.;SUCRE;SINCELEJO;5306;14.16;14.265;7.625;27.25;51.25;67.5;154.5;24-JAN-25;;
AGUAS DE LA SABANA S.A. E.S.P.;SUCRE;SINCELEJO;7259;578.917;575.917;7.692;26.158;40.558;61.283;132.083;20-JAN-25;;
AGUAS DE MALAMBO S.A. E.S.P.;ATLANTICO;MALAMBO;8259;251.429;251.429;7.586;30.857;20.429;26.314;82;3-jul-25;;
AGUAS DEL SUR DEL ATLANTICO S.A. E.S.P;ATLANTICO;CAMPO DE LA CRUZ;6259;13.2;13.2;7.78;30.83;39.08;95.71;183.67;5-feb-25;;
AGUAS DEL SUR DEL ATLANTICO S.A. E.S.P;ATLANTICO;CAMPO DE LA CRUZ;6260;9.2;9.2;8.275;30.34;34.92;80.695;141.75;5-feb-25;;
AGUAS DEL SUR DEL ATLANTICO S.A. E.S.P;ATLANTICO;CANDELARIA;6259;13.2;13.2;7.78;30.83;39.08;95.71;183.67;5-feb-25;;
AGUAS DEL SUR DEL ATLANTICO S.A. E.S.P;ATLANTICO;CANDELARIA;6260;9.2;9.2;8.275;30.34;34.92;80.695;141.75;5-feb-25;;
AGUAS DEL SUR DEL ATLANTICO S.A. E.S.P;ATLANTICO;LURUACO;6259;13.2;13.2;7.78;30.83;39.08;95.71;183.67;5-feb-25;;
AGUAS DEL SUR DEL ATLANTICO S.A. E.S.P;ATLANTICO;LURUACO;6260;9.2;9.2;8.275;30.34;34.92;80.695;141.75;5-feb-25;;
AGUAS DEL SUR DEL ATLANTICO S.A. E.S.P;ATLANTICO;MANATI;6259;13.2;13.2;7.78;30.83;39.08;95.71;183.67;5-feb-25;;
AGUAS DEL SUR DEL ATLANTICO S.A. E.S.P;ATLANTICO;MANATI;6260;9.2;9.2;8.275;30.34;34.92;80.695;141.75;5-feb-25;;
AGUAS DEL SUR DEL ATLANTICO S.A. E.S.P;ATLANTICO;REPELON;6259;13.2;13.2;7.78;30.83;39.08;95.71;183.67;5-feb-25;;
AGUAS DEL SUR DEL ATLANTICO S.A. E.S.P;ATLANTICO;REPELON;6260;9.2;9.2;8.275;30.34;34.92;80.695;141.75;5-feb-25;;
AGUAS DEL SUR DEL ATLANTICO S.A. E.S.P;ATLANTICO;SANTA LUCIA;6259;13.2;13.2;7.78;30.83;39.08;95.71;183.67;5-feb-25;;
AGUAS DEL SUR DEL ATLANTICO S.A. E.S.P;ATLANTICO;SANTA LUCIA;6260;9.2;9.2;8.275;30.34;34.92;80.695;141.75;5-feb-25;;
AGUAS NACIONALES EPM S.A E.S.P.;ANTIOQUIA;BELLO;6719;3393.333;3352.333;7.657;27;0;23.299;74.874;31-JAN-25;;
AGUAS NACIONALES EPM S.A E.S.P.;ANTIOQUIA;MEDELLIN;6719;3393.333;3352.333;7.657;27;0;23.299;74.874;31-JAN-25;;
AGUAS NACIONALES EPM S.A E.S.P.;CHOCO;QUIBDO;6719;3393.333;3352.333;7.657;27;0;23.299;74.874;31-JAN-25;;
AGUAS NACIONALES EPM S.A E.S.P.;D.C.;BOGOTA;6719;3393.333;3352.333;7.657;27;0;23.299;74.874;31-JAN-25;;
AGUAS REGIONALES EPM S.A E.S.P;ANTIOQUIA;ANTIOQUIA;341;39;12;7.31;30.7;15;189.65;243;31-mar-25;;
AGUAS REGIONALES EPM S.A E.S.P;ANTIOQUIA;ANTIOQUIA;5505;50.895;36.815;7.445;27.368;34;61.605;231;31-mar-25;;
AGUAS REGIONALES EPM S.A E.S.P;ANTIOQUIA;APARTADO;341;39;12;7.31;30.7;15;189.65;243;31-mar-25;;
AGUAS REGIONALES EPM S.A E.S.P;ANTIOQUIA;APARTADO;5505;50.895;36.815;7.445;27.368;34;61.605;231;31-mar-25;;
AGUAS REGIONALES EPM S.A E.S.P;ANTIOQUIA;CAREPA;341;39;12;7.31;30.7;15;189.65;243;31-mar-25;;
AGUAS REGIONALES EPM S.A E.S.P;ANTIOQUIA;CAREPA;5505;50.895;36.815;7.445;27.368;34;61.605;231;31-mar-25;;
AGUAS REGIONALES EPM S.A E.S.P;ANTIOQUIA;CHIGORODO;341;39;12;7.31;30.7;15;189.65;243;31-mar-25;;
AGUAS REGIONALES EPM S.A E.S.P;ANTIOQUIA;CHIGORODO;5505;50.895;36.815;7.445;27.368;34;61.605;231;31-mar-25;;
AGUAS REGIONALES EPM S.A E.S.P;ANTIOQUIA;MUTATA;341;39;12;7.31;30.7;15;189.65;243;31-mar-25;;
AGUAS REGIONALES EPM S.A E.S.P;ANTIOQUIA;MUTATA;5505;50.895;36.815;7.445;27.368;34;61.605;231;31-mar-25;;
AGUAS REGIONALES EPM S.A E.S.P;ANTIOQUIA;OLAYA;341;39;12;7.31;30.7;15;189.65;243;31-mar-25;;
AGUAS REGIONALES EPM S.A E.S.P;ANTIOQUIA;OLAYA;5505;50.895;36.815;7.445;27.368;34;61.605;231;31-mar-25;;
AGUAS REGIONALES EPM S.A E.S.P;ANTIOQUIA;SAN JERONIMO;341;39;12;7.31;30.7;15;189.65;243;31-mar-25;;
AGUAS REGIONALES EPM S.A E.S.P;ANTIOQUIA;SAN JERONIMO;5505;50.895;36.815;7.445;27.368;34;61.605;231;31-mar-25;;
AGUAS REGIONALES EPM S.A E.S.P;ANTIOQUIA;SOPETRAN;341;39;12;7.31;30.7;15;189.65;243;31-mar-25;;
AGUAS REGIONALES EPM S.A E.S.P;ANTIOQUIA;SOPETRAN;5505;50.895;36.815;7.445;27.368;34;61.605;231;31-mar-25;;
AGUAS REGIONALES EPM S.A E.S.P;ANTIOQUIA;TURBO;341;39;12;7.31;30.7;15;189.65;243;31-mar-25;;
AGUAS REGIONALES EPM S.A E.S.P;ANTIOQUIA;TURBO;5505;50.895;36.815;7.445;27.368;34;61.605;231;31-mar-25;;
AGUAS Y AMBIENTE LA FONTANA DEL LLANO SAS ESP;META;VILLAVICENCIO;4545;0.157;0.63;7.06;27.3;20;0.965;20;20-feb-25;;
AGUAS Y ASEO DE SUBACHOQUE S.A E.S.P;CUNDINAMARCA;SUBACHOQUE;5385;6.264;4.653;7.71;18.48;100.667;175.5;307.333;21-jul-25;;
AGUAS Y ASEO DE SUBACHOQUE S.A E.S.P;CUNDINAMARCA;SUBACHOQUE;5386;10.758;9.148;7.71;18.48;100.667;175.5;307.333;02-AUG-25;;
ALIAT SERVICIOS S.A.S ESP;BOLIVAR;CARTAGENA;8319;0;2.17;6.89;32;0;10.51;103.44;10-AUG-25;;
ALIAT SERVICIOS S.A.S ESP;BOLIVAR;CARTAGENA;8320;0;1.92;7.13;31.2;0;0;0;10-AUG-25;;
ALIAT SERVICIOS S.A.S ESP;BOLIVAR;CARTAGENA;8321;0;7.03;0;0;0;0;0;10-AUG-25;;
AQUALIA LATINOAMERICA S.A. E.S.P.;CORDOBA;CERETE;7059;81.81;71.59;8.11;32.025;67.9;84.15;145.5;7-mar-25;;
AQUALIA LATINOAMERICA S.A. E.S.P.;CORDOBA;CERETE;7060;21.93;12.225;7.84;28.525;65.4;61.93;136.07;7-mar-25;;
AQUALIA LATINOAMERICA S.A. E.S.P.;CORDOBA;CERETE;7061;42.625;56.185;7.455;30.125;117.75;109.86;167.3;10-mar-25;;
AQUALIA LATINOAMERICA S.A. E.S.P.;CORDOBA;CERETE;7062;15.93;10.625;7.73;30.875;93.5;74.35;140;13-mar-25;;
AQUALIA LATINOAMERICA S.A. E.S.P.;CORDOBA;CERETE;7063;107.78;75.795;7.57;30.95;65.4;51;78.695;13-mar-25;;
AQUALIA LATINOAMERICA S.A. E.S.P.;CORDOBA;CERETE;7064;7.71;5.725;8.665;31.825;80.65;78.4;151;13-mar-25;;
AQUALIA LATINOAMERICA S.A. E.S.P.;CORDOBA;CERETE;7065;0.38;0;0;0;0;0;0;13-mar-25;;
AQUALIA LATINOAMERICA S.A. E.S.P.;CORDOBA;CERETE;7066;7.55;5.275;7.96;30.1;58.9;88.95;183.5;14-mar-25;;
AQUALIA LATINOAMERICA S.A. E.S.P.;CORDOBA;CERETE;7067;20.905;9.945;8.25;28.8;10.965;12.48;24.345;22-mar-25;;
AQUALIA LATINOAMERICA S.A. E.S.P.;CORDOBA;CERETE;7068;11.81;13.99;8.175;30.85;75;71.45;129.5;14-mar-25;;
AQUALIA LATINOAMERICA S.A. E.S.P.;CORDOBA;CERETE;7069;9.855;4.65;7.975;30.2;30.4;66.65;125.5;25-mar-25;;
AQUALIA LATINOAMERICA S.A. E.S.P.;CORDOBA;CHIMA;7059;81.81;71.59;8.11;32.025;67.9;84.15;145.5;7-mar-25;;
AQUALIA LATINOAMERICA S.A. E.S.P.;CORDOBA;CHIMA;7060;21.93;12.225;7.84;28.525;65.4;61.93;136.07;7-mar-25;;
AQUALIA LATINOAMERICA S.A. E.S.P.;CORDOBA;CHIMA;7061;42.625;56.185;7.455;30.125;117.75;109.86;167.3;10-mar-25;;
AQUALIA LATINOAMERICA S.A. E.S.P.;CORDOBA;CHIMA;7062;15.93;10.625;7.73;30.875;93.5;74.35;140;13-mar-25;;
AQUALIA LATINOAMERICA S.A. E.S.P.;CORDOBA;CHIMA;7063;107.78;75.795;7.57;30.95;65.4;51;78.695;13-mar-25;;
AQUALIA LATINOAMERICA S.A. E.S.P.;CORDOBA;CHIMA;7064;7.71;5.725;8.665;31.825;80.65;78.4;151;13-mar-25;;
AQUALIA LATINOAMERICA S.A. E.S.P.;CORDOBA;CHIMA;7065;0.38;0;0;0;0;0;0;13-mar-25;;
AQUALIA LATINOAMERICA S.A. E.S.P.;CORDOBA;CHIMA;7066;7.55;5.275;7.96;30.1;58.9;88.95;183.5;14-mar-25;;
AQUALIA LATINOAMERICA S.A. E.S.P.;CORDOBA;CHIMA;7067;20.905;9.945;8.25;28.8;10.965;12.48;24.345;22-mar-25;;
AQUALIA LATINOAMERICA S.A. E.S.P.;CORDOBA;CHIMA;7068;11.81;13.99;8.175;30.85;75;71.45;129.5;14-mar-25;;
AQUALIA LATINOAMERICA S.A. E.S.P.;CORDOBA;CHIMA;7069;9.855;4.65;7.975;30.2;30.4;66.65;125.5;25-mar-25;;
AQUALIA LATINOAMERICA S.A. E.S.P.;CORDOBA;CIENAGA DE ORO;7059;81.81;71.59;8.11;32.025;67.9;84.15;145.5;7-mar-25;;
AQUALIA LATINOAMERICA S.A. E.S.P.;CORDOBA;CIENAGA DE ORO;7060;21.93;12.225;7.84;28.525;65.4;61.93;136.07;7-mar-25;;
AQUALIA LATINOAMERICA S.A. E.S.P.;CORDOBA;CIENAGA DE ORO;7061;42.625;56.185;7.455;30.125;117.75;109.86;167.3;10-mar-25;;
AQUALIA LATINOAMERICA S.A. E.S.P.;CORDOBA;CIENAGA DE ORO;7062;15.93;10.625;7.73;30.875;93.5;74.35;140;13-mar-25;;
AQUALIA LATINOAMERICA S.A. E.S.P.;CORDOBA;CIENAGA DE ORO;7063;107.78;75.795;7.57;30.95;65.4;51;78.695;13-mar-25;;
AQUALIA LATINOAMERICA S.A. E.S.P.;CORDOBA;CIENAGA DE ORO;7064;7.71;5.725;8.665;31.825;80.65;78.4;151;13-mar-25;;
AQUALIA LATINOAMERICA S.A. E.S.P.;CORDOBA;CIENAGA DE ORO;7065;0.38;0;0;0;0;0;0;13-mar-25;;
AQUALIA LATINOAMERICA S.A. E.S.P.;CORDOBA;CIENAGA DE ORO;7066;7.55;5.275;7.96;30.1;58.9;88.95;183.5;14-mar-25;;
AQUALIA LATINOAMERICA S.A. E.S.P.;CORDOBA;CIENAGA DE ORO;7067;20.905;9.945;8.25;28.8;10.965;12.48;24.345;22-mar-25;;
AQUALIA LATINOAMERICA S.A. E.S.P.;CORDOBA;CIENAGA DE ORO;7068;11.81;13.99;8.175;30.85;75;71.45;129.5;14-mar-25;;
AQUALIA LATINOAMERICA S.A. E.S.P.;CORDOBA;CIENAGA DE ORO;7069;9.855;4.65;7.975;30.2;30.4;66.65;125.5;25-mar-25;;
AQUALIA LATINOAMERICA S.A. E.S.P.;CORDOBA;LORICA;7059;81.81;71.59;8.11;32.025;67.9;84.15;145.5;7-mar-25;;
AQUALIA LATINOAMERICA S.A. E.S.P.;CORDOBA;LORICA;7060;21.93;12.225;7.84;28.525;65.4;61.93;136.07;7-mar-25;;
AQUALIA LATINOAMERICA S.A. E.S.P.;CORDOBA;LORICA;7061;42.625;56.185;7.455;30.125;117.75;109.86;167.3;10-mar-25;;
AQUALIA LATINOAMERICA S.A. E.S.P.;CORDOBA;LORICA;7062;15.93;10.625;7.73;30.875;93.5;74.35;140;13-mar-25;;
AQUALIA LATINOAMERICA S.A. E.S.P.;CORDOBA;LORICA;7063;107.78;75.795;7.57;30.95;65.4;51;78.695;13-mar-25;;
AQUALIA LATINOAMERICA S.A. E.S.P.;CORDOBA;LORICA;7064;7.71;5.725;8.665;31.825;80.65;78.4;151;13-mar-25;;
AQUALIA LATINOAMERICA S.A. E.S.P.;CORDOBA;LORICA;7065;0.38;0;0;0;0;0;0;13-mar-25;;
AQUALIA LATINOAMERICA S.A. E.S.P.;CORDOBA;LORICA;7066;7.55;5.275;7.96;30.1;58.9;88.95;183.5;14-mar-25;;
AQUALIA LATINOAMERICA S.A. E.S.P.;CORDOBA;LORICA;7067;20.905;9.945;8.25;28.8;10.965;12.48;24.345;22-mar-25;;
AQUALIA LATINOAMERICA S.A. E.S.P.;CORDOBA;LORICA;7068;11.81;13.99;8.175;30.85;75;71.45;129.5;14-mar-25;;
AQUALIA LATINOAMERICA S.A. E.S.P.;CORDOBA;LORICA;7069;9.855;4.65;7.975;30.2;30.4;66.65;125.5;25-mar-25;;
AQUALIA LATINOAMERICA S.A. E.S.P.;CORDOBA;MOMIL;7059;81.81;71.59;8.11;32.025;67.9;84.15;145.5;7-mar-25;;
AQUALIA LATINOAMERICA S.A. E.S.P.;CORDOBA;MOMIL;7060;21.93;12.225;7.84;28.525;65.4;61.93;136.07;7-mar-25;;
AQUALIA LATINOAMERICA S.A. E.S.P.;CORDOBA;MOMIL;7061;42.625;56.185;7.455;30.125;117.75;109.86;167.3;10-mar-25;;
AQUALIA LATINOAMERICA S.A. E.S.P.;CORDOBA;MOMIL;7062;15.93;10.625;7.73;30.875;93.5;74.35;140;13-mar-25;;
AQUALIA LATINOAMERICA S.A. E.S.P.;CORDOBA;MOMIL;7063;107.78;75.795;7.57;30.95;65.4;51;78.695;13-mar-25;;
AQUALIA LATINOAMERICA S.A. E.S.P.;CORDOBA;MOMIL;7064;7.71;5.725;8.665;31.825;80.65;78.4;151;13-mar-25;;
AQUALIA LATINOAMERICA S.A. E.S.P.;CORDOBA;MOMIL;7065;0.38;0;0;0;0;0;0;13-mar-25;;
AQUALIA LATINOAMERICA S.A. E.S.P.;CORDOBA;MOMIL;7066;7.55;5.275;7.96;30.1;58.9;88.95;183.5;14-mar-25;;
AQUALIA LATINOAMERICA S.A. E.S.P.;CORDOBA;MOMIL;7067;20.905;9.945;8.25;28.8;10.965;12.48;24.345;22-mar-25;;
AQUALIA LATINOAMERICA S.A. E.S.P.;CORDOBA;MOMIL;7068;11.81;13.99;8.175;30.85;75;71.45;129.5;14-mar-25;;
AQUALIA LATINOAMERICA S.A. E.S.P.;CORDOBA;MOMIL;7069;9.855;4.65;7.975;30.2;30.4;66.65;125.5;25-mar-25;;
AQUALIA LATINOAMERICA S.A. E.S.P.;CORDOBA;PLANETA RICA;7059;81.81;71.59;8.11;32.025;67.9;84.15;145.5;7-mar-25;;
AQUALIA LATINOAMERICA S.A. E.S.P.;CORDOBA;PLANETA RICA;7060;21.93;12.225;7.84;28.525;65.4;61.93;136.07;7-mar-25;;
AQUALIA LATINOAMERICA S.A. E.S.P.;CORDOBA;PLANETA RICA;7061;42.625;56.185;7.455;30.125;117.75;109.86;167.3;10-mar-25;;
AQUALIA LATINOAMERICA S.A. E.S.P.;CORDOBA;PLANETA RICA;7062;15.93;10.625;7.73;30.875;93.5;74.35;140;13-mar-25;;
AQUALIA LATINOAMERICA S.A. E.S.P.;CORDOBA;PLANETA RICA;7063;107.78;75.795;7.57;30.95;65.4;51;78.695;13-mar-25;;
AQUALIA LATINOAMERICA S.A. E.S.P.;CORDOBA;PLANETA RICA;7064;7.71;5.725;8.665;31.825;80.65;78.4;151;13-mar-25;;
AQUALIA LATINOAMERICA S.A. E.S.P.;CORDOBA;PLANETA RICA;7065;0.38;0;0;0;0;0;0;13-mar-25;;
AQUALIA LATINOAMERICA S.A. E.S.P.;CORDOBA;PLANETA RICA;7066;7.55;5.275;7.96;30.1;58.9;88.95;183.5;14-mar-25;;
AQUALIA LATINOAMERICA S.A. E.S.P.;CORDOBA;PLANETA RICA;7067;20.905;9.945;8.25;28.8;10.965;12.48;24.345;22-mar-25;;
AQUALIA LATINOAMERICA S.A. E.S.P.;CORDOBA;PLANETA RICA;7068;11.81;13.99;8.175;30.85;75;71.45;129.5;14-mar-25;;
AQUALIA LATINOAMERICA S.A. E.S.P.;CORDOBA;PLANETA RICA;7069;9.855;4.65;7.975;30.2;30.4;66.65;125.5;25-mar-25;;
AQUALIA LATINOAMERICA S.A. E.S.P.;CORDOBA;PURISIMA;7059;81.81;71.59;8.11;32.025;67.9;84.15;145.5;7-mar-25;;
AQUALIA LATINOAMERICA S.A. E.S.P.;CORDOBA;PURISIMA;7060;21.93;12.225;7.84;28.525;65.4;61.93;136.07;7-mar-25;;
AQUALIA LATINOAMERICA S.A. E.S.P.;CORDOBA;PURISIMA;7061;42.625;56.185;7.455;30.125;117.75;109.86;167.3;10-mar-25;;
AQUALIA LATINOAMERICA S.A. E.S.P.;CORDOBA;PURISIMA;7062;15.93;10.625;7.73;30.875;93.5;74.35;140;13-mar-25;;
AQUALIA LATINOAMERICA S.A. E.S.P.;CORDOBA;PURISIMA;7063;107.78;75.795;7.57;30.95;65.4;51;78.695;13-mar-25;;
AQUALIA LATINOAMERICA S.A. E.S.P.;CORDOBA;PURISIMA;7064;7.71;5.725;8.665;31.825;80.65;78.4;151;13-mar-25;;
AQUALIA LATINOAMERICA S.A. E.S.P.;CORDOBA;PURISIMA;7065;0.38;0;0;0;0;0;0;13-mar-25;;
AQUALIA LATINOAMERICA S.A. E.S.P.;CORDOBA;PURISIMA;7066;7.55;5.275;7.96;30.1;58.9;88.95;183.5;14-mar-25;;
AQUALIA LATINOAMERICA S.A. E.S.P.;CORDOBA;PURISIMA;7067;20.905;9.945;8.25;28.8;10.965;12.48;24.345;22-mar-25;;
AQUALIA LATINOAMERICA S.A. E.S.P.;CORDOBA;PURISIMA;7068;11.81;13.99;8.175;30.85;75;71.45;129.5;14-mar-25;;
AQUALIA LATINOAMERICA S.A. E.S.P.;CORDOBA;PURISIMA;7069;9.855;4.65;7.975;30.2;30.4;66.65;125.5;25-mar-25;;
AQUALIA LATINOAMERICA S.A. E.S.P.;CORDOBA;SAHAGUN;7059;81.81;71.59;8.11;32.025;67.9;84.15;145.5;7-mar-25;;
AQUALIA LATINOAMERICA S.A. E.S.P.;CORDOBA;SAHAGUN;7060;21.93;12.225;7.84;28.525;65.4;61.93;136.07;7-mar-25;;
AQUALIA LATINOAMERICA S.A. E.S.P.;CORDOBA;SAHAGUN;7061;42.625;56.185;7.455;30.125;117.75;109.86;167.3;10-mar-25;;
AQUALIA LATINOAMERICA S.A. E.S.P.;CORDOBA;SAHAGUN;7062;15.93;10.625;7.73;30.875;93.5;74.35;140;13-mar-25;;
AQUALIA LATINOAMERICA S.A. E.S.P.;CORDOBA;SAHAGUN;7063;107.78;75.795;7.57;30.95;65.4;51;78.695;13-mar-25;;
AQUALIA LATINOAMERICA S.A. E.S.P.;CORDOBA;SAHAGUN;7064;7.71;5.725;8.665;31.825;80.65;78.4;151;13-mar-25;;
AQUALIA LATINOAMERICA S.A. E.S.P.;CORDOBA;SAHAGUN;7065;0.38;0;0;0;0;0;0;13-mar-25;;
AQUALIA LATINOAMERICA S.A. E.S.P.;CORDOBA;SAHAGUN;7066;7.55;5.275;7.96;30.1;58.9;88.95;183.5;14-mar-25;;
AQUALIA LATINOAMERICA S.A. E.S.P.;CORDOBA;SAHAGUN;7067;20.905;9.945;8.25;28.8;10.965;12.48;24.345;22-mar-25;;
AQUALIA LATINOAMERICA S.A. E.S.P.;CORDOBA;SAHAGUN;7068;11.81;13.99;8.175;30.85;75;71.45;129.5;14-mar-25;;
AQUALIA LATINOAMERICA S.A. E.S.P.;CORDOBA;SAHAGUN;7069;9.855;4.65;7.975;30.2;30.4;66.65;125.5;25-mar-25;;
AQUALIA LATINOAMERICA S.A. E.S.P.;CORDOBA;SAN ANDRES SOTAVENTO;7059;81.81;71.59;8.11;32.025;67.9;84.15;145.5;7-mar-25;;
AQUALIA LATINOAMERICA S.A. E.S.P.;CORDOBA;SAN ANDRES SOTAVENTO;7060;21.93;12.225;7.84;28.525;65.4;61.93;136.07;7-mar-25;;
AQUALIA LATINOAMERICA S.A. E.S.P.;CORDOBA;SAN ANDRES SOTAVENTO;7061;42.625;56.185;7.455;30.125;117.75;109.86;167.3;10-mar-25;;
AQUALIA LATINOAMERICA S.A. E.S.P.;CORDOBA;SAN ANDRES SOTAVENTO;7062;15.93;10.625;7.73;30.875;93.5;74.35;140;13-mar-25;;
AQUALIA LATINOAMERICA S.A. E.S.P.;CORDOBA;SAN ANDRES SOTAVENTO;7063;107.78;75.795;7.57;30.95;65.4;51;78.695;13-mar-25;;
AQUALIA LATINOAMERICA S.A. E.S.P.;CORDOBA;SAN ANDRES SOTAVENTO;7064;7.71;5.725;8.665;31.825;80.65;78.4;151;13-mar-25;;
AQUALIA LATINOAMERICA S.A. E.S.P.;CORDOBA;SAN ANDRES SOTAVENTO;7065;0.38;0;0;0;0;0;0;13-mar-25;;
AQUALIA LATINOAMERICA S.A. E.S.P.;CORDOBA;SAN ANDRES SOTAVENTO;7066;7.55;5.275;7.96;30.1;58.9;88.95;183.5;14-mar-25;;
AQUALIA LATINOAMERICA S.A. E.S.P.;CORDOBA;SAN ANDRES SOTAVENTO;7067;20.905;9.945;8.25;28.8;10.965;12.48;24.345;22-mar-25;;
AQUALIA LATINOAMERICA S.A. E.S.P.;CORDOBA;SAN ANDRES SOTAVENTO;7068;11.81;13.99;8.175;30.85;75;71.45;129.5;14-mar-25;;
AQUALIA LATINOAMERICA S.A. E.S.P.;CORDOBA;SAN ANDRES SOTAVENTO;7069;9.855;4.65;7.975;30.2;30.4;66.65;125.5;25-mar-25;;
AQUALIA LATINOAMERICA S.A. E.S.P.;CORDOBA;SAN ANTERO;7059;81.81;71.59;8.11;32.025;67.9;84.15;145.5;7-mar-25;;
AQUALIA LATINOAMERICA S.A. E.S.P.;CORDOBA;SAN ANTERO;7060;21.93;12.225;7.84;28.525;65.4;61.93;136.07;7-mar-25;;
AQUALIA LATINOAMERICA S.A. E.S.P.;CORDOBA;SAN ANTERO;7061;42.625;56.185;7.455;30.125;117.75;109.86;167.3;10-mar-25;;
AQUALIA LATINOAMERICA S.A. E.S.P.;CORDOBA;SAN ANTERO;7062;15.93;10.625;7.73;30.875;93.5;74.35;140;13-mar-25;;
AQUALIA LATINOAMERICA S.A. E.S.P.;CORDOBA;SAN ANTERO;7063;107.78;75.795;7.57;30.95;65.4;51;78.695;13-mar-25;;
AQUALIA LATINOAMERICA S.A. E.S.P.;CORDOBA;SAN ANTERO;7064;7.71;5.725;8.665;31.825;80.65;78.4;151;13-mar-25;;
AQUALIA LATINOAMERICA S.A. E.S.P.;CORDOBA;SAN ANTERO;7065;0.38;0;0;0;0;0;0;13-mar-25;;
AQUALIA LATINOAMERICA S.A. E.S.P.;CORDOBA;SAN ANTERO;7066;7.55;5.275;7.96;30.1;58.9;88.95;183.5;14-mar-25;;
AQUALIA LATINOAMERICA S.A. E.S.P.;CORDOBA;SAN ANTERO;7067;20.905;9.945;8.25;28.8;10.965;12.48;24.345;22-mar-25;;
AQUALIA LATINOAMERICA S.A. E.S.P.;CORDOBA;SAN ANTERO;7068;11.81;13.99;8.175;30.85;75;71.45;129.5;14-mar-25;;
AQUALIA LATINOAMERICA S.A. E.S.P.;CORDOBA;SAN ANTERO;7069;9.855;4.65;7.975;30.2;30.4;66.65;125.5;25-mar-25;;
AQUALIA LATINOAMERICA S.A. E.S.P.;CORDOBA;TUCHÍN;7059;81.81;71.59;8.11;32.025;67.9;84.15;145.5;7-mar-25;;
AQUALIA LATINOAMERICA S.A. E.S.P.;CORDOBA;TUCHÍN;7060;21.93;12.225;7.84;28.525;65.4;61.93;136.07;7-mar-25;;
AQUALIA LATINOAMERICA S.A. E.S.P.;CORDOBA;TUCHÍN;7061;42.625;56.185;7.455;30.125;117.75;109.86;167.3;10-mar-25;;
AQUALIA LATINOAMERICA S.A. E.S.P.;CORDOBA;TUCHÍN;7062;15.93;10.625;7.73;30.875;93.5;74.35;140;13-mar-25;;
AQUALIA LATINOAMERICA S.A. E.S.P.;CORDOBA;TUCHÍN;7063;107.78;75.795;7.57;30.95;65.4;51;78.695;13-mar-25;;
AQUALIA LATINOAMERICA S.A. E.S.P.;CORDOBA;TUCHÍN;7064;7.71;5.725;8.665;31.825;80.65;78.4;151;13-mar-25;;
AQUALIA LATINOAMERICA S.A. E.S.P.;CORDOBA;TUCHÍN;7065;0.38;0;0;0;0;0;0;13-mar-25;;
AQUALIA LATINOAMERICA S.A. E.S.P.;CORDOBA;TUCHÍN;7066;7.55;5.275;7.96;30.1;58.9;88.95;183.5;14-mar-25;;
AQUALIA LATINOAMERICA S.A. E.S.P.;CORDOBA;TUCHÍN;7067;20.905;9.945;8.25;28.8;10.965;12.48;24.345;22-mar-25;;
AQUALIA LATINOAMERICA S.A. E.S.P.;CORDOBA;TUCHÍN;7068;11.81;13.99;8.175;30.85;75;71.45;129.5;14-mar-25;;
AQUALIA LATINOAMERICA S.A. E.S.P.;CORDOBA;TUCHÍN;7069;9.855;4.65;7.975;30.2;30.4;66.65;125.5;25-mar-25;;
AQUAMAG S.A.S E.S.P.;MAGDALENA;FUNDACION;7279;47.631;85.77;7.58;30.075;54;86.85;160.5;15-mar-25;;
AQUASERVICIOS S.A.  E.S.P.;VALLE;CANDELARIA;1201;134168;134168;7.12;28.4;29.76;88.405;103;16-mar-25;;
CENTROAGUAS S.A E.S.P;ATLANTICO;PONEDERA;2822;411.157;378.588;7.508;24.283;623.35;32.718;130.801;14-mar-25;;
CENTROAGUAS S.A E.S.P;VALLE;TULUA;2822;411.157;378.588;7.508;24.283;623.35;32.718;130.801;14-mar-25;;
COJARDIN SA ESP;CUNDINAMARCA;COTA;6999;2.21;1.619;6.883;18.45;30.043;31.85;57.35;4-mar-25;;
COJARDIN SA ESP;CUNDINAMARCA;COTA;7000;0.785;0.293;6.9;18.675;20.933;23.75;42.25;28-feb-25;;
COJARDIN SA ESP;CUNDINAMARCA;COTA;7001;1.948;3.643;7.132;19.433;53.284;30.75;52.2;4-mar-25;;
COJARDIN SA ESP;D.C.;BOGOTA;6999;2.21;1.619;6.883;18.45;30.043;31.85;57.35;4-mar-25;;
COJARDIN SA ESP;D.C.;BOGOTA;7000;0.785;0.293;6.9;18.675;20.933;23.75;42.25;28-feb-25;;
COJARDIN SA ESP;D.C.;BOGOTA;7001;1.948;3.643;7.132;19.433;53.284;30.75;52.2;4-mar-25;;
COMPAÑIA DE SERVICIOS BASICOS DE COLOMBIA S.A. E.S.P.;VALLE;PALMIRA;5345;20.06;20.06;7.245;26.5;81.5;56.5;115;4-feb-25;;
COOPERATIVA AGUAS DE URUMITA LTDA ESP;LA GUAJIRA;URUMITA;3362;0;0;0;0;0;0;0;11-APR-25;;
DIRECCIÓN DE SERVICIOS PÚBLICOS MUNICIPIO DE GUAYABETAL CUNDINAMARCA;CUNDINAMARCA;GUAYABETAL;2602;1.06;1.03;6;18;5;90;90;10-may-25;;
EMPRESA  DE SERVICIOS  PUBLICOS DE LA CALERA ;CUNDINAMARCA;LA CALERA;4185;38.05;94.067;7.163;17.9;54.85;69.417;177.467;18-sep-25;;
EMPRESA COMUNITARIA DE ACUEDUCTO; ALCANTARILLADO Y ASEO DE SARAVENA;ARAUCA;SARAVENA;2722;94.569;37.992;7;25;378;71.45;199.5;14-feb-25;
EMPRESA DE ACUEDUCTO Y ALCANTARILLADO DE BOGOTÁ E.S.P;CUNDINAMARCA;SOACHA;8279;5.167;5.248;7.494;18.462;301.917;15.25;71.667;12-mar-25;;
EMPRESA DE ACUEDUCTO Y ALCANTARILLADO DE BOGOTÁ E.S.P;D.C.;BOGOTA;8279;5.167;5.248;7.494;18.462;301.917;15.25;71.667;12-mar-25;;
EMPRESA DE ACUEDUCTO Y ALCANTARILLADO DE MOSQUERA;CUNDINAMARCA;MOSQUERA;6759;9.258;9.258;7.787;22.4;40.333;140.7;203.333;2-sep-25;;
EMPRESA DE ACUEDUCTO Y ALCANTARILLADO DE MOSQUERA;CUNDINAMARCA;MOSQUERA;7479;9.258;9.258;7.793;22.4;40.333;140.7;203.333;2-sep-25;;
EMPRESA DE ACUEDUCTO Y ALCANTARILLADO DE MOSQUERA;CUNDINAMARCA;MOSQUERA;7480;138.417;138.417;7.138;20.233;34.733;45.058;105.033;2-sep-25;;
EMPRESA DE ACUEDUCTO Y ALCANTARILLADO DE SANTA ANA E.S.P S.A;CUNDINAMARCA;SOACHA;2962;11.25;10.88;7.35;19;5;30;76;4-feb-25;;
EMPRESA DE ACUEDUCTO Y ALCANTARILLADO EL RINCON S A ;CUNDINAMARCA;SOACHA;8099;0;13.76;0;0;194.1;162.575;335.675;9-jul-25;;
EMPRESA DE ACUEDUCTO Y ALCANTARILLADO EL RINCON S A ;CUNDINAMARCA;SOACHA;8100;0;13.76;0;0;154.35;201.55;509.15;9-jul-25;;
EMPRESA DE ACUEDUCTO; ALCANTARILLADO Y ASEO DE CORINTO CAUCA;CAUCA;CORINTO;381;53.79;19.1;7.44;26.72;0.1;83;83;23-may-25;
EMPRESA DE ACUEDUCTO; ALCANTARILLADO Y ASEO DE MADRID E.S.P.;CUNDINAMARCA;MADRID;4705;123.2;123.2;7.165;21.333;21.917;23.217;89.192;30-JAN-25;
EMPRESA DE ACUEDUCTO; ALCANTARILLADO Y ASEO DE MADRID E.S.P.;CUNDINAMARCA;MADRID;7859;52;51.983;7.51;18.55;81;212.5;316.5;30-JAN-25;
EMPRESA DE ACUEDUCTO; ALCANTARILLADO Y ASEO DE MADRID E.S.P.;CUNDINAMARCA;MADRID;7860;14.383;14.383;7.465;20.4;175.5;332.5;543;30-JAN-25;
EMPRESA DE ACUEDUCTO; ALCANTARILLADO Y ASEO DE YOPAL  EICE - ESP;CASANARE;YOPAL;301;304.325;241.758;7.573;28.99;0;105.7;191.545;23-APR-25;
EMPRESA DE ACUEDUCTO; ALCANTARILLADO Y ASEO DEL ESPINAL E.S.P.;TOLIMA;ESPINAL;661;104.054;115.622;7.61;29.394;45.5;35.1;232;13-mar-25;
EMPRESA DE ACUEDUCTO; ALCANTARILLADO Y ASEO DEL MUNICIPIO DE LA JAGUA DE IBIRICO - CESAR S.A E.S.P;CESAR;LA JAGUA DE IBIRICO;5952;119.638;91.425;7.595;30.85;164;17.4;24.2;21-oct-25;
EMPRESA DE ACUEDUCTO; ALCANTARILLADO Y ASEO DEL ROSAL S.A E.S.P.;CUNDINAMARCA;EL ROSAL;3707;48.318;37.563;7.003;19.209;0;82.5;167.521;22-APR-25;
EMPRESA DE ACUEDUCTO;ALCANTARILLADO; ASEO Y ENERGÍA ELÉCTRICA SAS ESP;LA GUAJIRA;URIBIA;1642;16.6;0;0;0;77;69;189;5-feb-25
EMPRESA DE OBRAS SANITARIAS DE CALDAS  S. A. EMPRESA DE SERVICIOS PUBLICOS;CALDAS;AGUADAS;1422;8.385;8.214;7.035;28.13;162.5;75.75;128.65;13-mar-25;;
EMPRESA DE OBRAS SANITARIAS DE CALDAS  S. A. EMPRESA DE SERVICIOS PUBLICOS;CALDAS;AGUADAS;8559;4.863;4.662;7.249;29.272;25;52.5;99.6;3-sep-25;;
EMPRESA DE OBRAS SANITARIAS DE CALDAS  S. A. EMPRESA DE SERVICIOS PUBLICOS;CALDAS;ANSERMA;1422;8.385;8.214;7.035;28.13;162.5;75.75;128.65;13-mar-25;;
EMPRESA DE OBRAS SANITARIAS DE CALDAS  S. A. EMPRESA DE SERVICIOS PUBLICOS;CALDAS;ANSERMA;8559;4.863;4.662;7.249;29.272;25;52.5;99.6;3-sep-25;;
EMPRESA DE OBRAS SANITARIAS DE CALDAS  S. A. EMPRESA DE SERVICIOS PUBLICOS;CALDAS;BELALCAZAR;1422;8.385;8.214;7.035;28.13;162.5;75.75;128.65;13-mar-25;;
EMPRESA DE OBRAS SANITARIAS DE CALDAS  S. A. EMPRESA DE SERVICIOS PUBLICOS;CALDAS;BELALCAZAR;8559;4.863;4.662;7.249;29.272;25;52.5;99.6;3-sep-25;;
EMPRESA DE OBRAS SANITARIAS DE CALDAS  S. A. EMPRESA DE SERVICIOS PUBLICOS;CALDAS;CHINCHINA;1422;8.385;8.214;7.035;28.13;162.5;75.75;128.65;13-mar-25;;
EMPRESA DE OBRAS SANITARIAS DE CALDAS  S. A. EMPRESA DE SERVICIOS PUBLICOS;CALDAS;CHINCHINA;8559;4.863;4.662;7.249;29.272;25;52.5;99.6;3-sep-25;;
EMPRESA DE OBRAS SANITARIAS DE CALDAS  S. A. EMPRESA DE SERVICIOS PUBLICOS;CALDAS;FILADELFIA;1422;8.385;8.214;7.035;28.13;162.5;75.75;128.65;13-mar-25;;
EMPRESA DE OBRAS SANITARIAS DE CALDAS  S. A. EMPRESA DE SERVICIOS PUBLICOS;CALDAS;FILADELFIA;8559;4.863;4.662;7.249;29.272;25;52.5;99.6;3-sep-25;;
EMPRESA DE OBRAS SANITARIAS DE CALDAS  S. A. EMPRESA DE SERVICIOS PUBLICOS;CALDAS;LA DORADA;1422;8.385;8.214;7.035;28.13;162.5;75.75;128.65;13-mar-25;;
EMPRESA DE OBRAS SANITARIAS DE CALDAS  S. A. EMPRESA DE SERVICIOS PUBLICOS;CALDAS;LA DORADA;8559;4.863;4.662;7.249;29.272;25;52.5;99.6;3-sep-25;;
EMPRESA DE OBRAS SANITARIAS DE CALDAS  S. A. EMPRESA DE SERVICIOS PUBLICOS;CALDAS;MANZANARES;1422;8.385;8.214;7.035;28.13;162.5;75.75;128.65;13-mar-25;;
EMPRESA DE OBRAS SANITARIAS DE CALDAS  S. A. EMPRESA DE SERVICIOS PUBLICOS;CALDAS;MANZANARES;8559;4.863;4.662;7.249;29.272;25;52.5;99.6;3-sep-25;;
EMPRESA DE OBRAS SANITARIAS DE CALDAS  S. A. EMPRESA DE SERVICIOS PUBLICOS;CALDAS;MARMATO;1422;8.385;8.214;7.035;28.13;162.5;75.75;128.65;13-mar-25;;
EMPRESA DE OBRAS SANITARIAS DE CALDAS  S. A. EMPRESA DE SERVICIOS PUBLICOS;CALDAS;MARMATO;8559;4.863;4.662;7.249;29.272;25;52.5;99.6;3-sep-25;;
EMPRESA DE OBRAS SANITARIAS DE CALDAS  S. A. EMPRESA DE SERVICIOS PUBLICOS;CALDAS;MARQUETALIA;1422;8.385;8.214;7.035;28.13;162.5;75.75;128.65;13-mar-25;;
EMPRESA DE OBRAS SANITARIAS DE CALDAS  S. A. EMPRESA DE SERVICIOS PUBLICOS;CALDAS;MARQUETALIA;8559;4.863;4.662;7.249;29.272;25;52.5;99.6;3-sep-25;;
EMPRESA DE OBRAS SANITARIAS DE CALDAS  S. A. EMPRESA DE SERVICIOS PUBLICOS;CALDAS;MARULANDA;1422;8.385;8.214;7.035;28.13;162.5;75.75;128.65;13-mar-25;;
EMPRESA DE OBRAS SANITARIAS DE CALDAS  S. A. EMPRESA DE SERVICIOS PUBLICOS;CALDAS;MARULANDA;8559;4.863;4.662;7.249;29.272;25;52.5;99.6;3-sep-25;;
EMPRESA DE OBRAS SANITARIAS DE CALDAS  S. A. EMPRESA DE SERVICIOS PUBLICOS;CALDAS;NEIRA;1422;8.385;8.214;7.035;28.13;162.5;75.75;128.65;13-mar-25;;
EMPRESA DE OBRAS SANITARIAS DE CALDAS  S. A. EMPRESA DE SERVICIOS PUBLICOS;CALDAS;NEIRA;8559;4.863;4.662;7.249;29.272;25;52.5;99.6;3-sep-25;;
EMPRESA DE OBRAS SANITARIAS DE CALDAS  S. A. EMPRESA DE SERVICIOS PUBLICOS;CALDAS;PALESTINA;1422;8.385;8.214;7.035;28.13;162.5;75.75;128.65;13-mar-25;;
EMPRESA DE OBRAS SANITARIAS DE CALDAS  S. A. EMPRESA DE SERVICIOS PUBLICOS;CALDAS;PALESTINA;8559;4.863;4.662;7.249;29.272;25;52.5;99.6;3-sep-25;;
EMPRESA DE OBRAS SANITARIAS DE CALDAS  S. A. EMPRESA DE SERVICIOS PUBLICOS;CALDAS;RIOSUCIO;1422;8.385;8.214;7.035;28.13;162.5;75.75;128.65;13-mar-25;;
EMPRESA DE OBRAS SANITARIAS DE CALDAS  S. A. EMPRESA DE SERVICIOS PUBLICOS;CALDAS;RIOSUCIO;8559;4.863;4.662;7.249;29.272;25;52.5;99.6;3-sep-25;;
EMPRESA DE OBRAS SANITARIAS DE CALDAS  S. A. EMPRESA DE SERVICIOS PUBLICOS;CALDAS;RISARALDA;1422;8.385;8.214;7.035;28.13;162.5;75.75;128.65;13-mar-25;;
EMPRESA DE OBRAS SANITARIAS DE CALDAS  S. A. EMPRESA DE SERVICIOS PUBLICOS;CALDAS;RISARALDA;8559;4.863;4.662;7.249;29.272;25;52.5;99.6;3-sep-25;;
EMPRESA DE OBRAS SANITARIAS DE CALDAS  S. A. EMPRESA DE SERVICIOS PUBLICOS;CALDAS;SALAMINA;1422;8.385;8.214;7.035;28.13;162.5;75.75;128.65;13-mar-25;;
EMPRESA DE OBRAS SANITARIAS DE CALDAS  S. A. EMPRESA DE SERVICIOS PUBLICOS;CALDAS;SALAMINA;8559;4.863;4.662;7.249;29.272;25;52.5;99.6;3-sep-25;;
EMPRESA DE OBRAS SANITARIAS DE CALDAS  S. A. EMPRESA DE SERVICIOS PUBLICOS;CALDAS;SAMANA;1422;8.385;8.214;7.035;28.13;162.5;75.75;128.65;13-mar-25;;
EMPRESA DE OBRAS SANITARIAS DE CALDAS  S. A. EMPRESA DE SERVICIOS PUBLICOS;CALDAS;SAMANA;8559;4.863;4.662;7.249;29.272;25;52.5;99.6;3-sep-25;;
EMPRESA DE OBRAS SANITARIAS DE CALDAS  S. A. EMPRESA DE SERVICIOS PUBLICOS;CALDAS;SAN JOSÉ;1422;8.385;8.214;7.035;28.13;162.5;75.75;128.65;13-mar-25;;
EMPRESA DE OBRAS SANITARIAS DE CALDAS  S. A. EMPRESA DE SERVICIOS PUBLICOS;CALDAS;SAN JOSÉ;8559;4.863;4.662;7.249;29.272;25;52.5;99.6;3-sep-25;;
EMPRESA DE OBRAS SANITARIAS DE CALDAS  S. A. EMPRESA DE SERVICIOS PUBLICOS;CALDAS;SUPIA;1422;8.385;8.214;7.035;28.13;162.5;75.75;128.65;13-mar-25;;
EMPRESA DE OBRAS SANITARIAS DE CALDAS  S. A. EMPRESA DE SERVICIOS PUBLICOS;CALDAS;SUPIA;8559;4.863;4.662;7.249;29.272;25;52.5;99.6;3-sep-25;;
EMPRESA DE OBRAS SANITARIAS DE CALDAS  S. A. EMPRESA DE SERVICIOS PUBLICOS;CALDAS;VICTORIA;1422;8.385;8.214;7.035;28.13;162.5;75.75;128.65;13-mar-25;;
EMPRESA DE OBRAS SANITARIAS DE CALDAS  S. A. EMPRESA DE SERVICIOS PUBLICOS;CALDAS;VICTORIA;8559;4.863;4.662;7.249;29.272;25;52.5;99.6;3-sep-25;;
EMPRESA DE OBRAS SANITARIAS DE CALDAS  S. A. EMPRESA DE SERVICIOS PUBLICOS;CALDAS;VITERBO;1422;8.385;8.214;7.035;28.13;162.5;75.75;128.65;13-mar-25;;
EMPRESA DE OBRAS SANITARIAS DE CALDAS  S. A. EMPRESA DE SERVICIOS PUBLICOS;CALDAS;VITERBO;8559;4.863;4.662;7.249;29.272;25;52.5;99.6;3-sep-25;;
EMPRESA DE SERVICIOS DE NOBSA S.A. E.S.P;BOYACA;NOBSA;4245;2;1.5;0;0;0;0;0;24-nov-25;;
EMPRESA DE SERVICIOS PUBLICOS DE ANDES S.A E.S.P;ANTIOQUIA;ANDES;8039;27.275;27.275;7.364;21.788;75;65.965;117.025;15-may-25;;
EMPRESA DE SERVICIOS PUBLICOS DE CAJICA S.A.  E.S.P.;CUNDINAMARCA;CAJICA;4389;38.862;1.791;6.653;16.95;100.25;148;295;21-feb-25;;
EMPRESA DE SERVICIOS PUBLICOS DE CAJICA S.A.  E.S.P.;CUNDINAMARCA;CAJICA;4390;66.434;19.949;7.26;16.32;140.25;153;278.5;21-feb-25;;
EMPRESA DE SERVICIOS PUBLICOS DE CHIA EMSERCHIA E.S.P.;CUNDINAMARCA;CHIA;5145;150.893;102.493;7.366;16.511;57.958;145.5;319.403;31-mar-25;;
EMPRESA DE SERVICIOS PUBLICOS DE FUSAGASUGA E.S.P;CUNDINAMARCA;FUSAGASUGA;8299;35.233;35.233;7.208;22.73;9;13;29;31-mar-25;;
EMPRESA DE SERVICIOS PUBLICOS DE LERIDA ;TOLIMA;LERIDA;1922;23.453;23.453;0;0;0;0;0;15-sep-25;;
EMPRESA DE SERVICIOS PUBLICOS DE SOPO ;CUNDINAMARCA;SOPO;4885;7.39;7.39;7.4;17.46;0;242;384;20-feb-25;;
EMPRESA DE SERVICIOS PUBLICOS DE SOPO ;CUNDINAMARCA;SOPO;4886;5.056;5.056;7.49;20.66;0;38;65.3;20-feb-25;;
EMPRESA DE SERVICIOS PUBLICOS DE TAME  CARIBABARE E.S.P.;ARAUCA;TAME;4728;79.88;45.995;7.12;29.66;50.65;53.1;627.45;15-APR-25;;
EMPRESA DE SERVICIOS PUBLICOS DE TAME  CARIBABARE E.S.P.;ARAUCA;TAME;4729;23.52;24.595;7.635;30.415;43.95;59.615;113.74;15-APR-25;;
EMPRESA DE SERVICIOS PUBLICOS DE TOCANCIPA S.A.  E.S.P.;CUNDINAMARCA;TOCANCIPA;1222;0;0;0;0;0;0;0;20-feb-25;;
EMPRESA DE SERVICIOS PUBLICOS DE TOCANCIPA S.A.  E.S.P.;CUNDINAMARCA;TOCANCIPA;1223;3.433;3.433;6.655;19.35;15.792;27.417;62.046;10-mar-25;;
EMPRESA DE SERVICIOS PUBLICOS DE TOCANCIPA S.A.  E.S.P.;CUNDINAMARCA;TOCANCIPA;1224;16.014;16.014;7.282;19.708;39.625;73.9;132.067;10-mar-25;;
EMPRESA DE SERVICIOS PUBLICOS DE TOCANCIPA S.A.  E.S.P.;CUNDINAMARCA;TOCANCIPA;5085;42.316;42.316;7.041;20.329;25.208;46.108;66.679;27-feb-25;;
EMPRESA DE SERVICIOS PUBLICOS DE TOCANCIPA S.A.  E.S.P.;CUNDINAMARCA;TOCANCIPA;5086;40.833;40.833;7.197;19.392;62.167;83.283;185.708;27-feb-25;;
EMPRESA DE SERVICIOS PUBLICOS DE TOCANCIPA S.A.  E.S.P.;CUNDINAMARCA;TOCANCIPA;5087;8.723;8.723;6.928;19.558;19.167;28.333;75.929;26-feb-25;;
EMPRESA DE SERVICIOS PUBLICOS DE TOCANCIPA S.A.  E.S.P.;CUNDINAMARCA;TOCANCIPA;7999;9.802;9.802;7.286;19.746;15.042;44.292;130.204;10-mar-25;;
EMPRESA DE SERVICIOS PUBLICOS DE VALLEDUPAR S.A. E.S.P.;CESAR;VALLEDUPAR;761;1691.667;1175;7.25;29.867;22.167;36.23;72.217;4-sep-25;;
EMPRESA DE SERVICIOS PUBLICOS DE VALLEDUPAR S.A. E.S.P.;CESAR;VALLEDUPAR;762;0;0;0;0;0;0;0;4-sep-25;;
EMPRESA DE SERVICIOS PUBLICOS DE VILLANUEVA ESPAVI S.A. E.S.P.;CASANARE;VILLANUEVA;1262;59.4;40.5;7.48;27;35;78.1;207;25-mar-25;;
EMPRESA DE SERVICIOS PUBLICOS DE VILLANUEVA ESPAVI S.A. E.S.P.;CASANARE;VILLANUEVA;7919;59.4;40.5;7.48;27;35;78.1;207;25-mar-25;;
EMPRESA DE SERVICIOS PUBLICOS DEL META S.A. E.S.P.;META;CABUYARO;8159;23;22.443;0;0;16.857;14.6;36.879;16-jun-25;;
EMPRESA DE SERVICIOS PUBLICOS DEL META S.A. E.S.P.;META;CUMARAL;8159;23;22.443;0;0;16.857;14.6;36.879;16-jun-25;;
EMPRESA DE SERVICIOS PUBLICOS DEL META S.A. E.S.P.;META;EL DORADO;8159;23;22.443;0;0;16.857;14.6;36.879;16-jun-25;;
EMPRESA DE SERVICIOS PUBLICOS DEL META S.A. E.S.P.;META;FUENTE DE ORO;8159;23;22.443;0;0;16.857;14.6;36.879;16-jun-25;;
EMPRESA DE SERVICIOS PUBLICOS DEL META S.A. E.S.P.;META;GUAMAL;8159;23;22.443;0;0;16.857;14.6;36.879;16-jun-25;;
EMPRESA DE SERVICIOS PUBLICOS DEL META S.A. E.S.P.;META;LA MACARENA;8159;23;22.443;0;0;16.857;14.6;36.879;16-jun-25;;
EMPRESA DE SERVICIOS PUBLICOS DEL META S.A. E.S.P.;META;LA URIBE;8159;23;22.443;0;0;16.857;14.6;36.879;16-jun-25;;
EMPRESA DE SERVICIOS PUBLICOS DEL META S.A. E.S.P.;META;MAPIRIPAN;8159;23;22.443;0;0;16.857;14.6;36.879;16-jun-25;;
EMPRESA DE SERVICIOS PUBLICOS DEL META S.A. E.S.P.;META;PUERTO CONCORDIA;8159;23;22.443;0;0;16.857;14.6;36.879;16-jun-25;;
EMPRESA DE SERVICIOS PUBLICOS DEL META S.A. E.S.P.;META;PUERTO LLERAS;8159;23;22.443;0;0;16.857;14.6;36.879;16-jun-25;;
EMPRESA DE SERVICIOS PUBLICOS DEL META S.A. E.S.P.;META;PUERTO RICO;8159;23;22.443;0;0;16.857;14.6;36.879;16-jun-25;;
EMPRESA DE SERVICIOS PUBLICOS DEL META S.A. E.S.P.;META;SAN CARLOS DE GUAROA;8159;23;22.443;0;0;16.857;14.6;36.879;16-jun-25;;
EMPRESA DE SERVICIOS PUBLICOS DEL META S.A. E.S.P.;META;SAN JUAN DE ARAMA;8159;23;22.443;0;0;16.857;14.6;36.879;16-jun-25;;
EMPRESA DE SERVICIOS PUBLICOS DEL MUNICIPIO VILLA SAN DIEGO DE UBATE EMSERVILLA S.A E.S.P;CUNDINAMARCA;UBATE;4685;62;62.391;7.133;16.575;7.7;23.125;38.75;03-APR-25;;
EMPRESA DE SERVICIOS PUBLICOS DOMICILIARIOS DE GUARNE;ANTIOQUIA;GUARNE;641;29.883;29.883;45.67;101;231;321;736.1;20-mar-25;;
EMPRESA DE SERVICIOS PUBLICOS DOMICILIARIOS DE GUATAVITA CUNDINAMARCA S.A. E.S.P.;CUNDINAMARCA;GUATAVITA;3082;8;7.5;7.333;19;17.633;77.933;142.667;04-AUG-25;;
EMPRESA DE SERVICIOS PUBLICOS DOMICILIARIOS DE ROVIRA E.S.P.;TOLIMA;ROVIRA;4745;0;0;0;0;0;0;0;9-sep-25;;
EMPRESA DE SERVICIOS PUBLICOS DOMICILIARIOS DE TUQUERRES EMPSA E.S.P.;NARIÑO;TUQUERRES;2562;1.46;1.46;7.67;13.67;150;398;205;24-JAN-25;;
EMPRESA DE SERVICIOS PUBLICOS DOMICILIARIOS DE TUQUERRES EMPSA E.S.P.;NARIÑO;TUQUERRES;2563;2.45;2.45;7.49;14.29;84;117;249;24-JAN-25;;
EMPRESA DE SERVICIOS PUBLICOS DOMICILIARIOS DE TUQUERRES EMPSA E.S.P.;NARIÑO;TUQUERRES;2564;0;0;0;0;0;0;0;24-JAN-25;;
EMPRESA DE SERVICIOS PÚBLICOS DE ACACIAS ESP;META;ACACIAS;1489;210;124;7.2;29.6;283;69.1;120;07-APR-25;;
EMPRESA DE SERVICIOS PÚBLICOS DE EL CARMEN DE VIBORAL E.S.P.;ANTIOQUIA;CARMEN DE VIBORAL;701;89.655;70.283;7.075;18.445;59.4;164.7;350.4;20-oct-25;;
EMPRESA DE SERVICIOS PÚBLICOS DEL DISTRITO DE SANTA MARTA E.S.P.;MAGDALENA;SANTAMARTA;6639;833;833;8.12;26.683;102.417;2.183;0;30-APR-25;;
EMPRESA DE SERVICOS PUBLICOS DE EL COPEY E.S.P.;CESAR;EL COPEY;1553;3.075;0;0;0;0;0;0;30-DEC-25;;
EMPRESA IBAGUEREÑA DE ACUEDUCTO Y ALCANTARILLADO S.A E.S.P OFICIAL;TOLIMA;IBAGUE;4445;90.342;81.486;7.568;23.642;31.083;61.933;124.5;29-APR-25;;
EMPRESA IBAGUEREÑA DE ACUEDUCTO Y ALCANTARILLADO S.A E.S.P OFICIAL;TOLIMA;IBAGUE;4446;9.335;9.135;7.004;26.983;101.083;151.5;277.417;29-APR-25;;
EMPRESA IBAGUEREÑA DE ACUEDUCTO Y ALCANTARILLADO S.A E.S.P OFICIAL;TOLIMA;IBAGUE;4447;23.008;19.114;7.206;26.3;75.167;164.25;257.667;29-APR-25;;
EMPRESA INDUSTRIAL Y COMERCIAL DE SERVICIOS PUBLICOS DE CHIQUINQUIRA;BOYACA;CHIQUINQUIRA;6779;104.325;104.325;7.075;19.3;6.35;28.3;57.95;10-jul-25;;
EMPRESA MUNICIPAL DE ACUEDUCTO; ALCANTARILLADO Y ASEO DE FUNZA ;CUNDINAMARCA;FUNZA;4305;140;140;7.218;20.308;45.167;40.048;106.583;12-mar-25;
EMPRESA MUNICIPAL DE SERVICIOS PUBLICOS DE ARAUCA E.I.C.E. E.S.P.;ARAUCA;ARAUCA;242;179.44;185.095;7.34;29.92;40.5;41.635;93.295;8-oct-25;;
EMPRESA MUNICIPAL DE SERVICIOS PUBLICOS DE PIENDAMO E.S.P.;CAUCA;PIENDAMO;3502;10.56;10.56;6.37;19.32;96.7;140;371;08-APR-25;;
EMPRESA MUNICIPAL DE SERVICIOS PUBLICOS DE PIENDAMO E.S.P.;CAUCA;PIENDAMO;3503;11.01;11.01;6.63;19.09;70.5;82.4;208;08-APR-25;;
EMPRESA MUNICIPAL DE SERVICIOS PUBLICOS DOMICILIARIOS DE PIEDECUESTA E.S.P.;SANTANDER;PIEDECUESTA;5745;217.25;111.833;7.528;25.561;30;38.8;168;10-APR-25;;
EMPRESA MUNICIPAL DE SERVICIOS PÚBLICOS DE TAURAMENA S.A. E.S.P.;CASANARE;TAURAMENA;1682;48.808;41.65;7.715;29.85;20.5;75.95;172.5;21-feb-25;;
EMPRESA OFICIAL DE SERVICIOS PÚBLICOS DE YUMBO S.A. E.S.P.;VALLE;YUMBO;8439;211.417;211.417;7.147;22.384;13;17.5;28.333;22-may-25;;
EMPRESA PUBLICA DE ALCANTARILLADO DE SANTANDER S.A. E.S.P.;SANTANDER;BUCARAMANGA;2902;538.917;546.583;8.179;26.633;48.333;46.808;150.333;15-mar-25;;
EMPRESA PUBLICA DE ALCANTARILLADO DE SANTANDER S.A. E.S.P.;SANTANDER;FLORIDABLANCA;2902;538.917;546.583;8.179;26.633;48.333;46.808;150.333;15-mar-25;;
EMPRESA PUBLICA DE ALCANTARILLADO DE SANTANDER S.A. E.S.P.;SANTANDER;GIRON (SAN JUAN DE);2902;538.917;546.583;8.179;26.633;48.333;46.808;150.333;15-mar-25;;
EMPRESA REGIONAL DE AGUAS DEL TEQUENDAMA S.A. E.S.P.;CUNDINAMARCA;ANAPOIMA;8379;24.8;22.85;8.05;30.6;0;103.5;194;28-oct-25;;
EMPRESA REGIONAL DE AGUAS DEL TEQUENDAMA S.A. E.S.P.;CUNDINAMARCA;ANAPOIMA;8380;4.205;3.615;7.05;31.3;74.5;278.5;468;28-oct-25;;
EMPRESA REGIONAL DE AGUAS DEL TEQUENDAMA S.A. E.S.P.;CUNDINAMARCA;ANAPOIMA;8381;1.26;0.17;6.145;31.3;161;97.05;176.5;14-nov-25;;
EMPRESA REGIONAL DE AGUAS DEL TEQUENDAMA S.A. E.S.P.;CUNDINAMARCA;ANAPOIMA;8382;5.91;4.365;7.25;27.9;1.05;325.5;573;14-nov-25;;
EMPRESA REGIONAL DE AGUAS DEL TEQUENDAMA S.A. E.S.P.;CUNDINAMARCA;LA MESA;8379;24.8;22.85;8.05;30.6;0;103.5;194;28-oct-25;;
EMPRESA REGIONAL DE AGUAS DEL TEQUENDAMA S.A. E.S.P.;CUNDINAMARCA;LA MESA;8380;4.205;3.615;7.05;31.3;74.5;278.5;468;28-oct-25;;
EMPRESA REGIONAL DE AGUAS DEL TEQUENDAMA S.A. E.S.P.;CUNDINAMARCA;LA MESA;8381;1.26;0.17;6.145;31.3;161;97.05;176.5;14-nov-25;;
EMPRESA REGIONAL DE AGUAS DEL TEQUENDAMA S.A. E.S.P.;CUNDINAMARCA;LA MESA;8382;5.91;4.365;7.25;27.9;1.05;325.5;573;14-nov-25;;
EMPRESAS MUNICIPALES DE CALI   E.I.C.E  E.S.P;VALLE;CALI;721;5706;5706;6.537;23.492;410.833;119.5;249.667;11-sep-25;;
EMPRESAS MUNICIPALES DE CALI   E.I.C.E  E.S.P;VALLE;CALI;8339;0;0;0;0;0;0;0;19-DEC-25;;
EMPRESAS MUNICIPALES DE CALI   E.I.C.E  E.S.P;VALLE;YUMBO;721;5706;5706;6.537;23.492;410.833;119.5;249.667;11-sep-25;;
EMPRESAS MUNICIPALES DE CALI   E.I.C.E  E.S.P;VALLE;YUMBO;8339;0;0;0;0;0;0;0;19-DEC-25;;
EMPRESAS MUNICIPALES DE CARTAGO S.A.S. E.S.P.;VALLE;CARTAGO;4125;0;0;0;0;0;0;0;14-mar-25;;
EMPRESAS MUNICIPALES DE CARTAGO S.A.S. E.S.P.;VALLE;CARTAGO;4126;0;0;0;0;0;0;0;14-mar-25;;
EMPRESAS MUNICIPALES DE CARTAGO S.A.S. E.S.P.;VALLE;CARTAGO;4127;0;0;0;0;0;0;0;14-mar-25;;
EMPRESAS MUNICIPALES DE CARTAGO S.A.S. E.S.P.;VALLE;CARTAGO;7839;0;0;0;0;0;0;0;14-mar-25;;
EMPRESAS MUNICIPALES DE CARTAGO S.A.S. E.S.P.;VALLE;CARTAGO;7840;0;0;0;0;0;0;0;14-mar-25;;
EMPRESAS MUNICIPALES DE CARTAGO S.A.S. E.S.P.;VALLE;CARTAGO;7841;0;0;0;0;0;0;0;14-mar-25;;
EMPRESAS PUBLICAS DE ARMENIA ;QUINDIO;ARMENIA;5165;50.674;50.674;7.1;23.9;98.3;97;207;25-sep-25;;
EMPRESAS PUBLICAS DE MONTERREY S.A.  E.S.P.;CASANARE;MONTERREY;7419;37.692;38.992;7.417;14.425;52.333;59.608;134.267;03-APR-25;;
EMPRESAS PUBLICAS DE TIMANA SA ESP;HUILA;TIMANA;3842;28;28;6.92;24.5;53.5;63.7;99.6;5-may-25;;
EMPRESAS PÚBLICAS DE MEDELLIN E.S.P.;ANTIOQUIA;BARBOSA;401;1668.809;1668.809;7.765;27.208;22.75;44.333;84.917;14-mar-25;;
EMPRESAS PÚBLICAS DE MEDELLIN E.S.P.;ANTIOQUIA;BARBOSA;7039;101.625;101.625;7.76;22.5;193.155;381.809;595.064;14-mar-25;;
EMPRESAS PÚBLICAS DE MEDELLIN E.S.P.;ANTIOQUIA;BARBOSA;7340;3.833;3.833;7.53;22.3;17;22.15;67;14-mar-25;;
EMPRESAS PÚBLICAS DE MEDELLIN E.S.P.;ANTIOQUIA;BARBOSA;8079;35.443;35.443;7.12;22.1;17.5;44.253;69.178;15-mar-25;;
EMPRESAS PÚBLICAS DE MEDELLIN E.S.P.;ANTIOQUIA;BELLO;401;1668.809;1668.809;7.765;27.208;22.75;44.333;84.917;14-mar-25;;
EMPRESAS PÚBLICAS DE MEDELLIN E.S.P.;ANTIOQUIA;BELLO;7039;101.625;101.625;7.76;22.5;193.155;381.809;595.064;14-mar-25;;
EMPRESAS PÚBLICAS DE MEDELLIN E.S.P.;ANTIOQUIA;BELLO;7340;3.833;3.833;7.53;22.3;17;22.15;67;14-mar-25;;
EMPRESAS PÚBLICAS DE MEDELLIN E.S.P.;ANTIOQUIA;BELLO;8079;35.443;35.443;7.12;22.1;17.5;44.253;69.178;15-mar-25;;
EMPRESAS PÚBLICAS DE MEDELLIN E.S.P.;ANTIOQUIA;CALDAS;401;1668.809;1668.809;7.765;27.208;22.75;44.333;84.917;14-mar-25;;
EMPRESAS PÚBLICAS DE MEDELLIN E.S.P.;ANTIOQUIA;CALDAS;7039;101.625;101.625;7.76;22.5;193.155;381.809;595.064;14-mar-25;;
EMPRESAS PÚBLICAS DE MEDELLIN E.S.P.;ANTIOQUIA;CALDAS;7340;3.833;3.833;7.53;22.3;17;22.15;67;14-mar-25;;
EMPRESAS PÚBLICAS DE MEDELLIN E.S.P.;ANTIOQUIA;CALDAS;8079;35.443;35.443;7.12;22.1;17.5;44.253;69.178;15-mar-25;;
EMPRESAS PÚBLICAS DE MEDELLIN E.S.P.;ANTIOQUIA;COPACABANA;401;1668.809;1668.809;7.765;27.208;22.75;44.333;84.917;14-mar-25;;
EMPRESAS PÚBLICAS DE MEDELLIN E.S.P.;ANTIOQUIA;COPACABANA;7039;101.625;101.625;7.76;22.5;193.155;381.809;595.064;14-mar-25;;
EMPRESAS PÚBLICAS DE MEDELLIN E.S.P.;ANTIOQUIA;COPACABANA;7340;3.833;3.833;7.53;22.3;17;22.15;67;14-mar-25;;
EMPRESAS PÚBLICAS DE MEDELLIN E.S.P.;ANTIOQUIA;COPACABANA;8079;35.443;35.443;7.12;22.1;17.5;44.253;69.178;15-mar-25;;
EMPRESAS PÚBLICAS DE MEDELLIN E.S.P.;ANTIOQUIA;ENVIGADO;401;1668.809;1668.809;7.765;27.208;22.75;44.333;84.917;14-mar-25;;
EMPRESAS PÚBLICAS DE MEDELLIN E.S.P.;ANTIOQUIA;ENVIGADO;7039;101.625;101.625;7.76;22.5;193.155;381.809;595.064;14-mar-25;;
EMPRESAS PÚBLICAS DE MEDELLIN E.S.P.;ANTIOQUIA;ENVIGADO;7340;3.833;3.833;7.53;22.3;17;22.15;67;14-mar-25;;
EMPRESAS PÚBLICAS DE MEDELLIN E.S.P.;ANTIOQUIA;ENVIGADO;8079;35.443;35.443;7.12;22.1;17.5;44.253;69.178;15-mar-25;;
EMPRESAS PÚBLICAS DE MEDELLIN E.S.P.;ANTIOQUIA;GIRARDOTA;401;1668.809;1668.809;7.765;27.208;22.75;44.333;84.917;14-mar-25;;
EMPRESAS PÚBLICAS DE MEDELLIN E.S.P.;ANTIOQUIA;GIRARDOTA;7039;101.625;101.625;7.76;22.5;193.155;381.809;595.064;14-mar-25;;
EMPRESAS PÚBLICAS DE MEDELLIN E.S.P.;ANTIOQUIA;GIRARDOTA;7340;3.833;3.833;7.53;22.3;17;22.15;67;14-mar-25;;
EMPRESAS PÚBLICAS DE MEDELLIN E.S.P.;ANTIOQUIA;GIRARDOTA;8079;35.443;35.443;7.12;22.1;17.5;44.253;69.178;15-mar-25;;
EMPRESAS PÚBLICAS DE MEDELLIN E.S.P.;ANTIOQUIA;ITAGUI;401;1668.809;1668.809;7.765;27.208;22.75;44.333;84.917;14-mar-25;;
EMPRESAS PÚBLICAS DE MEDELLIN E.S.P.;ANTIOQUIA;ITAGUI;7039;101.625;101.625;7.76;22.5;193.155;381.809;595.064;14-mar-25;;
EMPRESAS PÚBLICAS DE MEDELLIN E.S.P.;ANTIOQUIA;ITAGUI;7340;3.833;3.833;7.53;22.3;17;22.15;67;14-mar-25;;
EMPRESAS PÚBLICAS DE MEDELLIN E.S.P.;ANTIOQUIA;ITAGUI;8079;35.443;35.443;7.12;22.1;17.5;44.253;69.178;15-mar-25;;
EMPRESAS PÚBLICAS DE MEDELLIN E.S.P.;ANTIOQUIA;LA ESTRELLA;401;1668.809;1668.809;7.765;27.208;22.75;44.333;84.917;14-mar-25;;
EMPRESAS PÚBLICAS DE MEDELLIN E.S.P.;ANTIOQUIA;LA ESTRELLA;7039;101.625;101.625;7.76;22.5;193.155;381.809;595.064;14-mar-25;;
EMPRESAS PÚBLICAS DE MEDELLIN E.S.P.;ANTIOQUIA;LA ESTRELLA;7340;3.833;3.833;7.53;22.3;17;22.15;67;14-mar-25;;
EMPRESAS PÚBLICAS DE MEDELLIN E.S.P.;ANTIOQUIA;LA ESTRELLA;8079;35.443;35.443;7.12;22.1;17.5;44.253;69.178;15-mar-25;;
EMPRESAS PÚBLICAS DE MEDELLIN E.S.P.;ANTIOQUIA;MEDELLIN;401;1668.809;1668.809;7.765;27.208;22.75;44.333;84.917;14-mar-25;;
EMPRESAS PÚBLICAS DE MEDELLIN E.S.P.;ANTIOQUIA;MEDELLIN;7039;101.625;101.625;7.76;22.5;193.155;381.809;595.064;14-mar-25;;
EMPRESAS PÚBLICAS DE MEDELLIN E.S.P.;ANTIOQUIA;MEDELLIN;7340;3.833;3.833;7.53;22.3;17;22.15;67;14-mar-25;;
EMPRESAS PÚBLICAS DE MEDELLIN E.S.P.;ANTIOQUIA;MEDELLIN;8079;35.443;35.443;7.12;22.1;17.5;44.253;69.178;15-mar-25;;
EMPRESAS PÚBLICAS DE MEDELLIN E.S.P.;ANTIOQUIA;RIONEGRO;401;1668.809;1668.809;7.765;27.208;22.75;44.333;84.917;14-mar-25;;
EMPRESAS PÚBLICAS DE MEDELLIN E.S.P.;ANTIOQUIA;RIONEGRO;7039;101.625;101.625;7.76;22.5;193.155;381.809;595.064;14-mar-25;;
EMPRESAS PÚBLICAS DE MEDELLIN E.S.P.;ANTIOQUIA;RIONEGRO;7340;3.833;3.833;7.53;22.3;17;22.15;67;14-mar-25;;
EMPRESAS PÚBLICAS DE MEDELLIN E.S.P.;ANTIOQUIA;RIONEGRO;8079;35.443;35.443;7.12;22.1;17.5;44.253;69.178;15-mar-25;;
EMPRESAS PÚBLICAS DE MEDELLIN E.S.P.;ANTIOQUIA;SABANETA;401;1668.809;1668.809;7.765;27.208;22.75;44.333;84.917;14-mar-25;;
EMPRESAS PÚBLICAS DE MEDELLIN E.S.P.;ANTIOQUIA;SABANETA;7039;101.625;101.625;7.76;22.5;193.155;381.809;595.064;14-mar-25;;
EMPRESAS PÚBLICAS DE MEDELLIN E.S.P.;ANTIOQUIA;SABANETA;7340;3.833;3.833;7.53;22.3;17;22.15;67;14-mar-25;;
EMPRESAS PÚBLICAS DE MEDELLIN E.S.P.;ANTIOQUIA;SABANETA;8079;35.443;35.443;7.12;22.1;17.5;44.253;69.178;15-mar-25;;
EMPRESAS PÚBLICAS DEL QUINDIO S.A.   E.S.P.;QUINDIO;BUENAVISTA;162;0.993;0.949;7.083;22.673;78.863;356.182;344.054;18-feb-25;;
EMPRESAS PÚBLICAS DEL QUINDIO S.A.   E.S.P.;QUINDIO;BUENAVISTA;3522;1.983;1.983;7.37;21.533;25.167;57.825;107.917;4-jun-25;;
EMPRESAS PÚBLICAS DEL QUINDIO S.A.   E.S.P.;QUINDIO;CIRCASIA;162;0.993;0.949;7.083;22.673;78.863;356.182;344.054;18-feb-25;;
EMPRESAS PÚBLICAS DEL QUINDIO S.A.   E.S.P.;QUINDIO;CIRCASIA;3522;1.983;1.983;7.37;21.533;25.167;57.825;107.917;4-jun-25;;
EMPRESAS PÚBLICAS DEL QUINDIO S.A.   E.S.P.;QUINDIO;FILANDIA;162;0.993;0.949;7.083;22.673;78.863;356.182;344.054;18-feb-25;;
EMPRESAS PÚBLICAS DEL QUINDIO S.A.   E.S.P.;QUINDIO;FILANDIA;3522;1.983;1.983;7.37;21.533;25.167;57.825;107.917;4-jun-25;;
EMPRESAS PÚBLICAS DEL QUINDIO S.A.   E.S.P.;QUINDIO;GENOVA;162;0.993;0.949;7.083;22.673;78.863;356.182;344.054;18-feb-25;;
EMPRESAS PÚBLICAS DEL QUINDIO S.A.   E.S.P.;QUINDIO;GENOVA;3522;1.983;1.983;7.37;21.533;25.167;57.825;107.917;4-jun-25;;
EMPRESAS PÚBLICAS DEL QUINDIO S.A.   E.S.P.;QUINDIO;LA TEBAIDA;162;0.993;0.949;7.083;22.673;78.863;356.182;344.054;18-feb-25;;
EMPRESAS PÚBLICAS DEL QUINDIO S.A.   E.S.P.;QUINDIO;LA TEBAIDA;3522;1.983;1.983;7.37;21.533;25.167;57.825;107.917;4-jun-25;;
EMPRESAS PÚBLICAS DEL QUINDIO S.A.   E.S.P.;QUINDIO;MONTENEGRO;162;0.993;0.949;7.083;22.673;78.863;356.182;344.054;18-feb-25;;
EMPRESAS PÚBLICAS DEL QUINDIO S.A.   E.S.P.;QUINDIO;MONTENEGRO;3522;1.983;1.983;7.37;21.533;25.167;57.825;107.917;4-jun-25;;
EMPRESAS PÚBLICAS DEL QUINDIO S.A.   E.S.P.;QUINDIO;PIJAO;162;0.993;0.949;7.083;22.673;78.863;356.182;344.054;18-feb-25;;
EMPRESAS PÚBLICAS DEL QUINDIO S.A.   E.S.P.;QUINDIO;PIJAO;3522;1.983;1.983;7.37;21.533;25.167;57.825;107.917;4-jun-25;;
EMPRESAS PÚBLICAS DEL QUINDIO S.A.   E.S.P.;QUINDIO;QUIMBAYA;162;0.993;0.949;7.083;22.673;78.863;356.182;344.054;18-feb-25;;
EMPRESAS PÚBLICAS DEL QUINDIO S.A.   E.S.P.;QUINDIO;QUIMBAYA;3522;1.983;1.983;7.37;21.533;25.167;57.825;107.917;4-jun-25;;
EMPRESAS PÚBLICAS DEL QUINDIO S.A.   E.S.P.;QUINDIO;SALENTO;162;0.993;0.949;7.083;22.673;78.863;356.182;344.054;18-feb-25;;
EMPRESAS PÚBLICAS DEL QUINDIO S.A.   E.S.P.;QUINDIO;SALENTO;3522;1.983;1.983;7.37;21.533;25.167;57.825;107.917;4-jun-25;;
EMPRESAS PÚBLICAS MUNICIPALES DE CANDELARIA S.A.S E.S.P;VALLE;CANDELARIA;8459;3;1.74;7.4;28.2;21.6;36.9;85.86;4-mar-25;;
EMSERCOTA S.A.  E.S.P.;CUNDINAMARCA;COTA;5831;5.45;3.31;7.26;17.8;202;144;244;21-feb-25;;
INGENIERIA TOTAL SERVICIOS PUBLICOS S.A.S E.S.P.;ANTIOQUIA;ANDES;582;31.649;31.649;7.128;25.142;40;51.3;136;25-feb-25;;
INGENIERIA TOTAL SERVICIOS PUBLICOS S.A.S E.S.P.;ANTIOQUIA;ANDES;583;27.492;27.492;7.308;20.896;35;33.3;64.9;26-feb-25;;
INGENIERIA TOTAL SERVICIOS PUBLICOS S.A.S E.S.P.;ANTIOQUIA;BOLIVAR;582;31.649;31.649;7.128;25.142;40;51.3;136;25-feb-25;;
INGENIERIA TOTAL SERVICIOS PUBLICOS S.A.S E.S.P.;ANTIOQUIA;BOLIVAR;583;27.492;27.492;7.308;20.896;35;33.3;64.9;26-feb-25;;
INGENIERIA TOTAL SERVICIOS PUBLICOS S.A.S E.S.P.;ANTIOQUIA;JARDIN;582;31.649;31.649;7.128;25.142;40;51.3;136;25-feb-25;;
INGENIERIA TOTAL SERVICIOS PUBLICOS S.A.S E.S.P.;ANTIOQUIA;JARDIN;583;27.492;27.492;7.308;20.896;35;33.3;64.9;26-feb-25;;
INGENIERIA TOTAL SERVICIOS PUBLICOS S.A.S E.S.P.;ANTIOQUIA;SALGAR;582;31.649;31.649;7.128;25.142;40;51.3;136;25-feb-25;;
INGENIERIA TOTAL SERVICIOS PUBLICOS S.A.S E.S.P.;ANTIOQUIA;SALGAR;583;27.492;27.492;7.308;20.896;35;33.3;64.9;26-feb-25;;
INTERASEO SOLUCIONES AMBIENTALES S.A.S. E.S.P.;D.C.;BOGOTA;6979;40.693;40.693;0;0;0;0;0;10-mar-25;;
JUNTA DE SERVICIOS PUBLICOS DE ARBELAEZ;CUNDINAMARCA;ARBELAEZ;7799;0;0;0;0;0;0;0;03-DEC-25;;
JUNTA MUNICIPAL DE SERVICIOS PUBLICOS DEL MUNICIPIO DE PAUNA;BOYACA;PAUNA;2682;6;6;7.5;45;75;45;135;24-nov-25;;
MUNICIPIO DE GACHANCIPA;CUNDINAMARCA;GACHANCIPA;4082;0;0;0;0;0;0;0;10-DEC-25;;
OFICINA DE SERVICIOS PUBLICOS DE ACUEDUCTO; ALCANTARILLADO Y ASEO DEL MUNICIPIO DE  UNE CUNDINAMARCA ;CUNDINAMARCA;UNE;2662;0.82;0.82;0;0;0;0;0;2-jul-25;
OFICINA DE SERVICIOS PUBLICOS DOMICILIARIOS  DE ACUEDUCTO; ALCANTARILLADO Y ASEO DEL MUNICIPIO DE CACHIPAY;CUNDINAMARCA;CACHIPAY;3162;1.308;1.217;0;0;0;0;0;29-oct-25;
OFICINA DE SERVICIOS PUBLICOS DOMICILIARIOS  DE ACUEDUCTO; ALCANTARILLADO Y ASEO DEL MUNICIPIO DE CACHIPAY;CUNDINAMARCA;CACHIPAY;3163;1.308;1.25;0;0;0;0;0;29-oct-25;
OFICINA DE SERVICIOS PUBLICOS DOMICILIARIOS  DE ACUEDUCTO; ALCANTARILLADO Y ASEO DEL MUNICIPIO DE CACHIPAY;CUNDINAMARCA;CACHIPAY;3164;1.308;1.217;0;0;0;0;0;29-oct-25;
OFICINA DE SERVICIOS PUBLICOS DOMICILIARIOS  DE ACUEDUCTO; ALCANTARILLADO Y ASEO DEL MUNICIPIO DE CACHIPAY;CUNDINAMARCA;CACHIPAY;7899;0;0;0;0;0;0;0;29-oct-25;
OPERADORES DE SERVICIOS DE LA SIERRA S.A.S. E.S.P.;MAGDALENA;CIENAGA;1161;0;247.695;7.465;28.65;28.55;24.795;76.74;10-mar-25;;
OPERADORES DE SERVICIOS S.A.  E.S.P.;ANTIOQUIA;CARAMANTA;1123;3.202;3.202;6.662;22.4;627;91.15;284.5;5-may-25;;
OPERADORES DE SERVICIOS S.A.  E.S.P.;ANTIOQUIA;CARAMANTA;1282;1.364;1.364;6.706;22.167;458;186.7;503.5;5-may-25;;
OPERADORES DE SERVICIOS S.A.  E.S.P.;ANTIOQUIA;FREDONIA;1123;3.202;3.202;6.662;22.4;627;91.15;284.5;5-may-25;;
OPERADORES DE SERVICIOS S.A.  E.S.P.;ANTIOQUIA;FREDONIA;1282;1.364;1.364;6.706;22.167;458;186.7;503.5;5-may-25;;
OPERADORES DE SERVICIOS S.A.  E.S.P.;ANTIOQUIA;SANTA BARBARA;1123;3.202;3.202;6.662;22.4;627;91.15;284.5;5-may-25;;
OPERADORES DE SERVICIOS S.A.  E.S.P.;ANTIOQUIA;SANTA BARBARA;1282;1.364;1.364;6.706;22.167;458;186.7;503.5;5-may-25;;
OPERADORES DE SERVICIOS S.A.  E.S.P.;ANTIOQUIA;VALPARAISO;1123;3.202;3.202;6.662;22.4;627;91.15;284.5;5-may-25;;
OPERADORES DE SERVICIOS S.A.  E.S.P.;ANTIOQUIA;VALPARAISO;1282;1.364;1.364;6.706;22.167;458;186.7;503.5;5-may-25;;
OZONO EMPRESA DE SERVICIOS PUBLICOS S.A.S E.S.P;VALLE;JAMUNDI;5529;11.02;11.02;6.865;29.85;12.5;36.5;72.5;23-jul-25;;
PROHIDRIK S.A.S. E.S.P.;CESAR;TAMALAMEQUE;8300;37.3;37.3;7.71;30.8;16.7;58.3;231.19;20-jun-25;;
PROHIDRIK S.A.S. E.S.P.;CESAR;TAMALAMEQUE;8301;6.64;6.64;7.85;34.3;8;62.9;114.14;20-jun-25;;
PROHIDRIK S.A.S. E.S.P.;CESAR;TAMALAMEQUE;8302;12.06;12.06;7.22;30.9;7;38.2;69.7;20-jun-25;;
PROHIDRIK S.A.S. E.S.P.;CESAR;TAMALAMEQUE;8303;2.86;2.86;7.18;30.2;47;37.7;67.65;20-jun-25;;
PROHIDRIK S.A.S. E.S.P.;CESAR;TAMALAMEQUE;8304;0.57;0.57;7.18;29.9;6.5;24.03;40.08;20-jun-25;;
PROHIDRIK S.A.S. E.S.P.;MAGDALENA;PIVIJAY;8300;37.3;37.3;7.71;30.8;16.7;58.3;231.19;20-jun-25;;
PROHIDRIK S.A.S. E.S.P.;MAGDALENA;PIVIJAY;8301;6.64;6.64;7.85;34.3;8;62.9;114.14;20-jun-25;;
PROHIDRIK S.A.S. E.S.P.;MAGDALENA;PIVIJAY;8302;12.06;12.06;7.22;30.9;7;38.2;69.7;20-jun-25;;
PROHIDRIK S.A.S. E.S.P.;MAGDALENA;PIVIJAY;8303;2.86;2.86;7.18;30.2;47;37.7;67.65;20-jun-25;;
PROHIDRIK S.A.S. E.S.P.;MAGDALENA;PIVIJAY;8304;0.57;0.57;7.18;29.9;6.5;24.03;40.08;20-jun-25;;
PROHIDRIK S.A.S. E.S.P.;MAGDALENA;PLATO;8300;37.3;37.3;7.71;30.8;16.7;58.3;231.19;20-jun-25;;
PROHIDRIK S.A.S. E.S.P.;MAGDALENA;PLATO;8301;6.64;6.64;7.85;34.3;8;62.9;114.14;20-jun-25;;
PROHIDRIK S.A.S. E.S.P.;MAGDALENA;PLATO;8302;12.06;12.06;7.22;30.9;7;38.2;69.7;20-jun-25;;
PROHIDRIK S.A.S. E.S.P.;MAGDALENA;PLATO;8303;2.86;2.86;7.18;30.2;47;37.7;67.65;20-jun-25;;
PROHIDRIK S.A.S. E.S.P.;MAGDALENA;PLATO;8304;0.57;0.57;7.18;29.9;6.5;24.03;40.08;20-jun-25;;
PROHIDRIK S.A.S. E.S.P.;MAGDALENA;TENERIFE;8300;37.3;37.3;7.71;30.8;16.7;58.3;231.19;20-jun-25;;
PROHIDRIK S.A.S. E.S.P.;MAGDALENA;TENERIFE;8301;6.64;6.64;7.85;34.3;8;62.9;114.14;20-jun-25;;
PROHIDRIK S.A.S. E.S.P.;MAGDALENA;TENERIFE;8302;12.06;12.06;7.22;30.9;7;38.2;69.7;20-jun-25;;
PROHIDRIK S.A.S. E.S.P.;MAGDALENA;TENERIFE;8303;2.86;2.86;7.18;30.2;47;37.7;67.65;20-jun-25;;
PROHIDRIK S.A.S. E.S.P.;MAGDALENA;TENERIFE;8304;0.57;0.57;7.18;29.9;6.5;24.03;40.08;20-jun-25;;
RED VITAL PAIPA S.A. E.S.P;BOYACA;PAIPA;541;3114;3008;7.4;17.5;0;13;23;19-may-25;;
SERVICIOS PUBLICOS YALÍ S.A. E.S.P.;ANTIOQUIA;YALI;3785;2.6;2.593;6.853;24.278;24.9;47.4;118;28-JAN-26;;
SERVICIOS PUBLICOS YALÍ S.A. E.S.P.;ANTIOQUIA;YALI;3786;3.897;3.904;6.833;24.302;27.9;64.8;162;28-JAN-26;;
SISTEMA INTEGRADO DE ALCANTARILLADO Y ASEO DE PINCHOTE SANTANDER;SANTANDER;PINCHOTE;2622;0;1.12;7.2;23.9;139.33;174.67;450;30-JAN-25;;
SISTEMA INTEGRADO DE ALCANTARILLADO Y ASEO DE PINCHOTE SANTANDER;SANTANDER;PINCHOTE;2623;0;2.3;7.2;23.9;206;136;342;30-JAN-25;;
SISTEMAS PUBLICOS S.A. E.S.P.;ANTIOQUIA;NECOCLI;1802;0;0;0;0;0;0;0;17-nov-25;;
SISTEMAS PUBLICOS S.A. E.S.P.;ANTIOQUIA;NECOCLI;1803;0;7.54;7.9;46;15.34;75;96;17-nov-25;;
SISTEMAS PUBLICOS S.A. E.S.P.;ANTIOQUIA;SAN PEDRO DE URABA;1802;0;0;0;0;0;0;0;17-nov-25;;
SISTEMAS PUBLICOS S.A. E.S.P.;ANTIOQUIA;SAN PEDRO DE URABA;1803;0;7.54;7.9;46;15.34;75;96;17-nov-25;;
SOCIEDAD DE ACUEDUCTO; ALCANTARILLADO Y ASEO DE BARRANQUILLA S.A. E.S.P.;ATLANTICO;BARANOA;921;748.26;748.26;7.554;31.108;44.542;76.358;153.5;12-mar-25;
SOCIEDAD DE ACUEDUCTO; ALCANTARILLADO Y ASEO DE BARRANQUILLA S.A. E.S.P.;ATLANTICO;BARANOA;922;81.459;81.459;7.663;29.892;17.765;40.292;128.708;14-mar-25;
SOCIEDAD DE ACUEDUCTO; ALCANTARILLADO Y ASEO DE BARRANQUILLA S.A. E.S.P.;ATLANTICO;BARANOA;923;65.918;65.918;7.491;31.667;35.061;63.383;189.467;15-mar-25;
SOCIEDAD DE ACUEDUCTO; ALCANTARILLADO Y ASEO DE BARRANQUILLA S.A. E.S.P.;ATLANTICO;BARANOA;3982;52.932;52.932;7.393;30.533;56.883;58.783;213.875;13-mar-25;
SOCIEDAD DE ACUEDUCTO; ALCANTARILLADO Y ASEO DE BARRANQUILLA S.A. E.S.P.;ATLANTICO;BARANOA;3983;46.79;46.79;7.446;30.433;73.9;61.45;244.083;13-mar-25;
SOCIEDAD DE ACUEDUCTO; ALCANTARILLADO Y ASEO DE BARRANQUILLA S.A. E.S.P.;ATLANTICO;BARANOA;3984;54.844;54.844;7.184;30.933;29.337;73.342;181.667;13-mar-25;
SOCIEDAD DE ACUEDUCTO; ALCANTARILLADO Y ASEO DE BARRANQUILLA S.A. E.S.P.;ATLANTICO;BARANOA;3985;65.187;65.187;6.988;30.925;19.88;60.325;150.8;14-mar-25;
SOCIEDAD DE ACUEDUCTO; ALCANTARILLADO Y ASEO DE BARRANQUILLA S.A. E.S.P.;ATLANTICO;BARANOA;4605;33.371;33.371;7.551;29.467;42.742;39.55;164.1;14-mar-25;
SOCIEDAD DE ACUEDUCTO; ALCANTARILLADO Y ASEO DE BARRANQUILLA S.A. E.S.P.;ATLANTICO;BARANOA;5325;1820;1820;7.5;31.297;39;134.02;305.17;10-mar-25;
SOCIEDAD DE ACUEDUCTO; ALCANTARILLADO Y ASEO DE BARRANQUILLA S.A. E.S.P.;ATLANTICO;BARANOA;6319;1.663;1.663;7.787;28.817;35.183;32.683;110.608;14-mar-25;
SOCIEDAD DE ACUEDUCTO; ALCANTARILLADO Y ASEO DE BARRANQUILLA S.A. E.S.P.;ATLANTICO;BARANOA;6899;65.918;65.918;7.491;31.667;35.061;63.383;189.467;14-mar-25;
SOCIEDAD DE ACUEDUCTO; ALCANTARILLADO Y ASEO DE BARRANQUILLA S.A. E.S.P.;ATLANTICO;BARANOA;6900;748.26;748.26;7.554;31.108;44.542;48.733;153.5;12-mar-25;
SOCIEDAD DE ACUEDUCTO; ALCANTARILLADO Y ASEO DE BARRANQUILLA S.A. E.S.P.;ATLANTICO;BARANOA;6901;81.46;81.46;7.663;29.892;17.765;40.292;127.208;14-mar-25;
SOCIEDAD DE ACUEDUCTO; ALCANTARILLADO Y ASEO DE BARRANQUILLA S.A. E.S.P.;ATLANTICO;BARANOA;6902;54.844;54.844;7.184;30.933;29.337;73.342;181.667;13-mar-25;
SOCIEDAD DE ACUEDUCTO; ALCANTARILLADO Y ASEO DE BARRANQUILLA S.A. E.S.P.;ATLANTICO;BARANOA;6903;65.187;65.187;6.988;30.925;19.88;60.325;150.8;14-mar-25;
SOCIEDAD DE ACUEDUCTO; ALCANTARILLADO Y ASEO DE BARRANQUILLA S.A. E.S.P.;ATLANTICO;BARANOA;6904;52.932;52.932;7.373;30.533;53.05;59.158;219.125;13-mar-25;
SOCIEDAD DE ACUEDUCTO; ALCANTARILLADO Y ASEO DE BARRANQUILLA S.A. E.S.P.;ATLANTICO;BARANOA;6905;46.66;46.66;7.446;30.433;73.9;61.45;244.083;13-mar-25;
SOCIEDAD DE ACUEDUCTO; ALCANTARILLADO Y ASEO DE BARRANQUILLA S.A. E.S.P.;ATLANTICO;BARANOA;6906;33.371;33.371;7.551;29.467;42.742;39.55;164.1;14-mar-25;
SOCIEDAD DE ACUEDUCTO; ALCANTARILLADO Y ASEO DE BARRANQUILLA S.A. E.S.P.;ATLANTICO;BARANOA;6907;1820;1820;7.53;31.19;39;134.02;305.17;10-mar-25;
SOCIEDAD DE ACUEDUCTO; ALCANTARILLADO Y ASEO DE BARRANQUILLA S.A. E.S.P.;ATLANTICO;BARANOA;6908;1.663;1.663;7.787;28.817;35.183;32.683;110.608;14-mar-25;
SOCIEDAD DE ACUEDUCTO; ALCANTARILLADO Y ASEO DE BARRANQUILLA S.A. E.S.P.;ATLANTICO;BARANOA;6909;24.926;24.926;7.494;29.783;20.46;24.533;117.133;14-mar-25;
SOCIEDAD DE ACUEDUCTO; ALCANTARILLADO Y ASEO DE BARRANQUILLA S.A. E.S.P.;ATLANTICO;BARANOA;6910;16.065;16.065;8.195;30.308;59.95;44.542;149.775;15-mar-25;
SOCIEDAD DE ACUEDUCTO; ALCANTARILLADO Y ASEO DE BARRANQUILLA S.A. E.S.P.;ATLANTICO;BARRANQUILLA;921;748.26;748.26;7.554;31.108;44.542;76.358;153.5;12-mar-25;
SOCIEDAD DE ACUEDUCTO; ALCANTARILLADO Y ASEO DE BARRANQUILLA S.A. E.S.P.;ATLANTICO;BARRANQUILLA;922;81.459;81.459;7.663;29.892;17.765;40.292;128.708;14-mar-25;
SOCIEDAD DE ACUEDUCTO; ALCANTARILLADO Y ASEO DE BARRANQUILLA S.A. E.S.P.;ATLANTICO;BARRANQUILLA;923;65.918;65.918;7.491;31.667;35.061;63.383;189.467;15-mar-25;
SOCIEDAD DE ACUEDUCTO; ALCANTARILLADO Y ASEO DE BARRANQUILLA S.A. E.S.P.;ATLANTICO;BARRANQUILLA;3982;52.932;52.932;7.393;30.533;56.883;58.783;213.875;13-mar-25;
SOCIEDAD DE ACUEDUCTO; ALCANTARILLADO Y ASEO DE BARRANQUILLA S.A. E.S.P.;ATLANTICO;BARRANQUILLA;3983;46.79;46.79;7.446;30.433;73.9;61.45;244.083;13-mar-25;
SOCIEDAD DE ACUEDUCTO; ALCANTARILLADO Y ASEO DE BARRANQUILLA S.A. E.S.P.;ATLANTICO;BARRANQUILLA;3984;54.844;54.844;7.184;30.933;29.337;73.342;181.667;13-mar-25;
SOCIEDAD DE ACUEDUCTO; ALCANTARILLADO Y ASEO DE BARRANQUILLA S.A. E.S.P.;ATLANTICO;BARRANQUILLA;3985;65.187;65.187;6.988;30.925;19.88;60.325;150.8;14-mar-25;
SOCIEDAD DE ACUEDUCTO; ALCANTARILLADO Y ASEO DE BARRANQUILLA S.A. E.S.P.;ATLANTICO;BARRANQUILLA;4605;33.371;33.371;7.551;29.467;42.742;39.55;164.1;14-mar-25;
SOCIEDAD DE ACUEDUCTO; ALCANTARILLADO Y ASEO DE BARRANQUILLA S.A. E.S.P.;ATLANTICO;BARRANQUILLA;5325;1820;1820;7.5;31.297;39;134.02;305.17;10-mar-25;
SOCIEDAD DE ACUEDUCTO; ALCANTARILLADO Y ASEO DE BARRANQUILLA S.A. E.S.P.;ATLANTICO;BARRANQUILLA;6319;1.663;1.663;7.787;28.817;35.183;32.683;110.608;14-mar-25;
SOCIEDAD DE ACUEDUCTO; ALCANTARILLADO Y ASEO DE BARRANQUILLA S.A. E.S.P.;ATLANTICO;BARRANQUILLA;6899;65.918;65.918;7.491;31.667;35.061;63.383;189.467;14-mar-25;
SOCIEDAD DE ACUEDUCTO; ALCANTARILLADO Y ASEO DE BARRANQUILLA S.A. E.S.P.;ATLANTICO;BARRANQUILLA;6900;748.26;748.26;7.554;31.108;44.542;48.733;153.5;12-mar-25;
SOCIEDAD DE ACUEDUCTO; ALCANTARILLADO Y ASEO DE BARRANQUILLA S.A. E.S.P.;ATLANTICO;BARRANQUILLA;6901;81.46;81.46;7.663;29.892;17.765;40.292;127.208;14-mar-25;
SOCIEDAD DE ACUEDUCTO; ALCANTARILLADO Y ASEO DE BARRANQUILLA S.A. E.S.P.;ATLANTICO;BARRANQUILLA;6902;54.844;54.844;7.184;30.933;29.337;73.342;181.667;13-mar-25;
SOCIEDAD DE ACUEDUCTO; ALCANTARILLADO Y ASEO DE BARRANQUILLA S.A. E.S.P.;ATLANTICO;BARRANQUILLA;6903;65.187;65.187;6.988;30.925;19.88;60.325;150.8;14-mar-25;
SOCIEDAD DE ACUEDUCTO; ALCANTARILLADO Y ASEO DE BARRANQUILLA S.A. E.S.P.;ATLANTICO;BARRANQUILLA;6904;52.932;52.932;7.373;30.533;53.05;59.158;219.125;13-mar-25;
SOCIEDAD DE ACUEDUCTO; ALCANTARILLADO Y ASEO DE BARRANQUILLA S.A. E.S.P.;ATLANTICO;BARRANQUILLA;6905;46.66;46.66;7.446;30.433;73.9;61.45;244.083;13-mar-25;
SOCIEDAD DE ACUEDUCTO; ALCANTARILLADO Y ASEO DE BARRANQUILLA S.A. E.S.P.;ATLANTICO;BARRANQUILLA;6906;33.371;33.371;7.551;29.467;42.742;39.55;164.1;14-mar-25;
SOCIEDAD DE ACUEDUCTO; ALCANTARILLADO Y ASEO DE BARRANQUILLA S.A. E.S.P.;ATLANTICO;BARRANQUILLA;6907;1820;1820;7.53;31.19;39;134.02;305.17;10-mar-25;
SOCIEDAD DE ACUEDUCTO; ALCANTARILLADO Y ASEO DE BARRANQUILLA S.A. E.S.P.;ATLANTICO;BARRANQUILLA;6908;1.663;1.663;7.787;28.817;35.183;32.683;110.608;14-mar-25;
SOCIEDAD DE ACUEDUCTO; ALCANTARILLADO Y ASEO DE BARRANQUILLA S.A. E.S.P.;ATLANTICO;BARRANQUILLA;6909;24.926;24.926;7.494;29.783;20.46;24.533;117.133;14-mar-25;
SOCIEDAD DE ACUEDUCTO; ALCANTARILLADO Y ASEO DE BARRANQUILLA S.A. E.S.P.;ATLANTICO;BARRANQUILLA;6910;16.065;16.065;8.195;30.308;59.95;44.542;149.775;15-mar-25;
SOCIEDAD DE ACUEDUCTO; ALCANTARILLADO Y ASEO DE BARRANQUILLA S.A. E.S.P.;ATLANTICO;GALAPA;921;748.26;748.26;7.554;31.108;44.542;76.358;153.5;12-mar-25;
SOCIEDAD DE ACUEDUCTO; ALCANTARILLADO Y ASEO DE BARRANQUILLA S.A. E.S.P.;ATLANTICO;GALAPA;922;81.459;81.459;7.663;29.892;17.765;40.292;128.708;14-mar-25;
SOCIEDAD DE ACUEDUCTO; ALCANTARILLADO Y ASEO DE BARRANQUILLA S.A. E.S.P.;ATLANTICO;GALAPA;923;65.918;65.918;7.491;31.667;35.061;63.383;189.467;15-mar-25;
SOCIEDAD DE ACUEDUCTO; ALCANTARILLADO Y ASEO DE BARRANQUILLA S.A. E.S.P.;ATLANTICO;GALAPA;3982;52.932;52.932;7.393;30.533;56.883;58.783;213.875;13-mar-25;
SOCIEDAD DE ACUEDUCTO; ALCANTARILLADO Y ASEO DE BARRANQUILLA S.A. E.S.P.;ATLANTICO;GALAPA;3983;46.79;46.79;7.446;30.433;73.9;61.45;244.083;13-mar-25;
SOCIEDAD DE ACUEDUCTO; ALCANTARILLADO Y ASEO DE BARRANQUILLA S.A. E.S.P.;ATLANTICO;GALAPA;3984;54.844;54.844;7.184;30.933;29.337;73.342;181.667;13-mar-25;
SOCIEDAD DE ACUEDUCTO; ALCANTARILLADO Y ASEO DE BARRANQUILLA S.A. E.S.P.;ATLANTICO;GALAPA;3985;65.187;65.187;6.988;30.925;19.88;60.325;150.8;14-mar-25;
SOCIEDAD DE ACUEDUCTO; ALCANTARILLADO Y ASEO DE BARRANQUILLA S.A. E.S.P.;ATLANTICO;GALAPA;4605;33.371;33.371;7.551;29.467;42.742;39.55;164.1;14-mar-25;
SOCIEDAD DE ACUEDUCTO; ALCANTARILLADO Y ASEO DE BARRANQUILLA S.A. E.S.P.;ATLANTICO;GALAPA;5325;1820;1820;7.5;31.297;39;134.02;305.17;10-mar-25;
SOCIEDAD DE ACUEDUCTO; ALCANTARILLADO Y ASEO DE BARRANQUILLA S.A. E.S.P.;ATLANTICO;GALAPA;6319;1.663;1.663;7.787;28.817;35.183;32.683;110.608;14-mar-25;
SOCIEDAD DE ACUEDUCTO; ALCANTARILLADO Y ASEO DE BARRANQUILLA S.A. E.S.P.;ATLANTICO;GALAPA;6899;65.918;65.918;7.491;31.667;35.061;63.383;189.467;14-mar-25;
SOCIEDAD DE ACUEDUCTO; ALCANTARILLADO Y ASEO DE BARRANQUILLA S.A. E.S.P.;ATLANTICO;GALAPA;6900;748.26;748.26;7.554;31.108;44.542;48.733;153.5;12-mar-25;
SOCIEDAD DE ACUEDUCTO; ALCANTARILLADO Y ASEO DE BARRANQUILLA S.A. E.S.P.;ATLANTICO;GALAPA;6901;81.46;81.46;7.663;29.892;17.765;40.292;127.208;14-mar-25;
SOCIEDAD DE ACUEDUCTO; ALCANTARILLADO Y ASEO DE BARRANQUILLA S.A. E.S.P.;ATLANTICO;GALAPA;6902;54.844;54.844;7.184;30.933;29.337;73.342;181.667;13-mar-25;
SOCIEDAD DE ACUEDUCTO; ALCANTARILLADO Y ASEO DE BARRANQUILLA S.A. E.S.P.;ATLANTICO;GALAPA;6903;65.187;65.187;6.988;30.925;19.88;60.325;150.8;14-mar-25;
SOCIEDAD DE ACUEDUCTO; ALCANTARILLADO Y ASEO DE BARRANQUILLA S.A. E.S.P.;ATLANTICO;GALAPA;6904;52.932;52.932;7.373;30.533;53.05;59.158;219.125;13-mar-25;
SOCIEDAD DE ACUEDUCTO; ALCANTARILLADO Y ASEO DE BARRANQUILLA S.A. E.S.P.;ATLANTICO;GALAPA;6905;46.66;46.66;7.446;30.433;73.9;61.45;244.083;13-mar-25;
SOCIEDAD DE ACUEDUCTO; ALCANTARILLADO Y ASEO DE BARRANQUILLA S.A. E.S.P.;ATLANTICO;GALAPA;6906;33.371;33.371;7.551;29.467;42.742;39.55;164.1;14-mar-25;
SOCIEDAD DE ACUEDUCTO; ALCANTARILLADO Y ASEO DE BARRANQUILLA S.A. E.S.P.;ATLANTICO;GALAPA;6907;1820;1820;7.53;31.19;39;134.02;305.17;10-mar-25;
SOCIEDAD DE ACUEDUCTO; ALCANTARILLADO Y ASEO DE BARRANQUILLA S.A. E.S.P.;ATLANTICO;GALAPA;6908;1.663;1.663;7.787;28.817;35.183;32.683;110.608;14-mar-25;
SOCIEDAD DE ACUEDUCTO; ALCANTARILLADO Y ASEO DE BARRANQUILLA S.A. E.S.P.;ATLANTICO;GALAPA;6909;24.926;24.926;7.494;29.783;20.46;24.533;117.133;14-mar-25;
SOCIEDAD DE ACUEDUCTO; ALCANTARILLADO Y ASEO DE BARRANQUILLA S.A. E.S.P.;ATLANTICO;GALAPA;6910;16.065;16.065;8.195;30.308;59.95;44.542;149.775;15-mar-25;
SOCIEDAD DE ACUEDUCTO; ALCANTARILLADO Y ASEO DE BARRANQUILLA S.A. E.S.P.;ATLANTICO;MALAMBO;921;748.26;748.26;7.554;31.108;44.542;76.358;153.5;12-mar-25;
SOCIEDAD DE ACUEDUCTO; ALCANTARILLADO Y ASEO DE BARRANQUILLA S.A. E.S.P.;ATLANTICO;MALAMBO;922;81.459;81.459;7.663;29.892;17.765;40.292;128.708;14-mar-25;
SOCIEDAD DE ACUEDUCTO; ALCANTARILLADO Y ASEO DE BARRANQUILLA S.A. E.S.P.;ATLANTICO;MALAMBO;923;65.918;65.918;7.491;31.667;35.061;63.383;189.467;15-mar-25;
SOCIEDAD DE ACUEDUCTO; ALCANTARILLADO Y ASEO DE BARRANQUILLA S.A. E.S.P.;ATLANTICO;MALAMBO;3982;52.932;52.932;7.393;30.533;56.883;58.783;213.875;13-mar-25;
SOCIEDAD DE ACUEDUCTO; ALCANTARILLADO Y ASEO DE BARRANQUILLA S.A. E.S.P.;ATLANTICO;MALAMBO;3983;46.79;46.79;7.446;30.433;73.9;61.45;244.083;13-mar-25;
SOCIEDAD DE ACUEDUCTO; ALCANTARILLADO Y ASEO DE BARRANQUILLA S.A. E.S.P.;ATLANTICO;MALAMBO;3984;54.844;54.844;7.184;30.933;29.337;73.342;181.667;13-mar-25;
SOCIEDAD DE ACUEDUCTO; ALCANTARILLADO Y ASEO DE BARRANQUILLA S.A. E.S.P.;ATLANTICO;MALAMBO;3985;65.187;65.187;6.988;30.925;19.88;60.325;150.8;14-mar-25;
SOCIEDAD DE ACUEDUCTO; ALCANTARILLADO Y ASEO DE BARRANQUILLA S.A. E.S.P.;ATLANTICO;MALAMBO;4605;33.371;33.371;7.551;29.467;42.742;39.55;164.1;14-mar-25;
SOCIEDAD DE ACUEDUCTO; ALCANTARILLADO Y ASEO DE BARRANQUILLA S.A. E.S.P.;ATLANTICO;MALAMBO;5325;1820;1820;7.5;31.297;39;134.02;305.17;10-mar-25;
SOCIEDAD DE ACUEDUCTO; ALCANTARILLADO Y ASEO DE BARRANQUILLA S.A. E.S.P.;ATLANTICO;MALAMBO;6319;1.663;1.663;7.787;28.817;35.183;32.683;110.608;14-mar-25;
SOCIEDAD DE ACUEDUCTO; ALCANTARILLADO Y ASEO DE BARRANQUILLA S.A. E.S.P.;ATLANTICO;MALAMBO;6899;65.918;65.918;7.491;31.667;35.061;63.383;189.467;14-mar-25;
SOCIEDAD DE ACUEDUCTO; ALCANTARILLADO Y ASEO DE BARRANQUILLA S.A. E.S.P.;ATLANTICO;MALAMBO;6900;748.26;748.26;7.554;31.108;44.542;48.733;153.5;12-mar-25;
SOCIEDAD DE ACUEDUCTO; ALCANTARILLADO Y ASEO DE BARRANQUILLA S.A. E.S.P.;ATLANTICO;MALAMBO;6901;81.46;81.46;7.663;29.892;17.765;40.292;127.208;14-mar-25;
SOCIEDAD DE ACUEDUCTO; ALCANTARILLADO Y ASEO DE BARRANQUILLA S.A. E.S.P.;ATLANTICO;MALAMBO;6902;54.844;54.844;7.184;30.933;29.337;73.342;181.667;13-mar-25;
SOCIEDAD DE ACUEDUCTO; ALCANTARILLADO Y ASEO DE BARRANQUILLA S.A. E.S.P.;ATLANTICO;MALAMBO;6903;65.187;65.187;6.988;30.925;19.88;60.325;150.8;14-mar-25;
SOCIEDAD DE ACUEDUCTO; ALCANTARILLADO Y ASEO DE BARRANQUILLA S.A. E.S.P.;ATLANTICO;MALAMBO;6904;52.932;52.932;7.373;30.533;53.05;59.158;219.125;13-mar-25;
SOCIEDAD DE ACUEDUCTO; ALCANTARILLADO Y ASEO DE BARRANQUILLA S.A. E.S.P.;ATLANTICO;MALAMBO;6905;46.66;46.66;7.446;30.433;73.9;61.45;244.083;13-mar-25;
SOCIEDAD DE ACUEDUCTO; ALCANTARILLADO Y ASEO DE BARRANQUILLA S.A. E.S.P.;ATLANTICO;MALAMBO;6906;33.371;33.371;7.551;29.467;42.742;39.55;164.1;14-mar-25;
SOCIEDAD DE ACUEDUCTO; ALCANTARILLADO Y ASEO DE BARRANQUILLA S.A. E.S.P.;ATLANTICO;MALAMBO;6907;1820;1820;7.53;31.19;39;134.02;305.17;10-mar-25;
SOCIEDAD DE ACUEDUCTO; ALCANTARILLADO Y ASEO DE BARRANQUILLA S.A. E.S.P.;ATLANTICO;MALAMBO;6908;1.663;1.663;7.787;28.817;35.183;32.683;110.608;14-mar-25;
SOCIEDAD DE ACUEDUCTO; ALCANTARILLADO Y ASEO DE BARRANQUILLA S.A. E.S.P.;ATLANTICO;MALAMBO;6909;24.926;24.926;7.494;29.783;20.46;24.533;117.133;14-mar-25;
SOCIEDAD DE ACUEDUCTO; ALCANTARILLADO Y ASEO DE BARRANQUILLA S.A. E.S.P.;ATLANTICO;MALAMBO;6910;16.065;16.065;8.195;30.308;59.95;44.542;149.775;15-mar-25;
SOCIEDAD DE ACUEDUCTO; ALCANTARILLADO Y ASEO DE BARRANQUILLA S.A. E.S.P.;ATLANTICO;PALMAR DE VARELA;921;748.26;748.26;7.554;31.108;44.542;76.358;153.5;12-mar-25;
SOCIEDAD DE ACUEDUCTO; ALCANTARILLADO Y ASEO DE BARRANQUILLA S.A. E.S.P.;ATLANTICO;PALMAR DE VARELA;922;81.459;81.459;7.663;29.892;17.765;40.292;128.708;14-mar-25;
SOCIEDAD DE ACUEDUCTO; ALCANTARILLADO Y ASEO DE BARRANQUILLA S.A. E.S.P.;ATLANTICO;PALMAR DE VARELA;923;65.918;65.918;7.491;31.667;35.061;63.383;189.467;15-mar-25;
SOCIEDAD DE ACUEDUCTO; ALCANTARILLADO Y ASEO DE BARRANQUILLA S.A. E.S.P.;ATLANTICO;PALMAR DE VARELA;3982;52.932;52.932;7.393;30.533;56.883;58.783;213.875;13-mar-25;
SOCIEDAD DE ACUEDUCTO; ALCANTARILLADO Y ASEO DE BARRANQUILLA S.A. E.S.P.;ATLANTICO;PALMAR DE VARELA;3983;46.79;46.79;7.446;30.433;73.9;61.45;244.083;13-mar-25;
SOCIEDAD DE ACUEDUCTO; ALCANTARILLADO Y ASEO DE BARRANQUILLA S.A. E.S.P.;ATLANTICO;PALMAR DE VARELA;3984;54.844;54.844;7.184;30.933;29.337;73.342;181.667;13-mar-25;
SOCIEDAD DE ACUEDUCTO; ALCANTARILLADO Y ASEO DE BARRANQUILLA S.A. E.S.P.;ATLANTICO;PALMAR DE VARELA;3985;65.187;65.187;6.988;30.925;19.88;60.325;150.8;14-mar-25;
SOCIEDAD DE ACUEDUCTO; ALCANTARILLADO Y ASEO DE BARRANQUILLA S.A. E.S.P.;ATLANTICO;PALMAR DE VARELA;4605;33.371;33.371;7.551;29.467;42.742;39.55;164.1;14-mar-25;
SOCIEDAD DE ACUEDUCTO; ALCANTARILLADO Y ASEO DE BARRANQUILLA S.A. E.S.P.;ATLANTICO;PALMAR DE VARELA;5325;1820;1820;7.5;31.297;39;134.02;305.17;10-mar-25;
SOCIEDAD DE ACUEDUCTO; ALCANTARILLADO Y ASEO DE BARRANQUILLA S.A. E.S.P.;ATLANTICO;PALMAR DE VARELA;6319;1.663;1.663;7.787;28.817;35.183;32.683;110.608;14-mar-25;
SOCIEDAD DE ACUEDUCTO; ALCANTARILLADO Y ASEO DE BARRANQUILLA S.A. E.S.P.;ATLANTICO;PALMAR DE VARELA;6899;65.918;65.918;7.491;31.667;35.061;63.383;189.467;14-mar-25;
SOCIEDAD DE ACUEDUCTO; ALCANTARILLADO Y ASEO DE BARRANQUILLA S.A. E.S.P.;ATLANTICO;PALMAR DE VARELA;6900;748.26;748.26;7.554;31.108;44.542;48.733;153.5;12-mar-25;
SOCIEDAD DE ACUEDUCTO; ALCANTARILLADO Y ASEO DE BARRANQUILLA S.A. E.S.P.;ATLANTICO;PALMAR DE VARELA;6901;81.46;81.46;7.663;29.892;17.765;40.292;127.208;14-mar-25;
SOCIEDAD DE ACUEDUCTO; ALCANTARILLADO Y ASEO DE BARRANQUILLA S.A. E.S.P.;ATLANTICO;PALMAR DE VARELA;6902;54.844;54.844;7.184;30.933;29.337;73.342;181.667;13-mar-25;
SOCIEDAD DE ACUEDUCTO; ALCANTARILLADO Y ASEO DE BARRANQUILLA S.A. E.S.P.;ATLANTICO;PALMAR DE VARELA;6903;65.187;65.187;6.988;30.925;19.88;60.325;150.8;14-mar-25;
SOCIEDAD DE ACUEDUCTO; ALCANTARILLADO Y ASEO DE BARRANQUILLA S.A. E.S.P.;ATLANTICO;PALMAR DE VARELA;6904;52.932;52.932;7.373;30.533;53.05;59.158;219.125;13-mar-25;
SOCIEDAD DE ACUEDUCTO; ALCANTARILLADO Y ASEO DE BARRANQUILLA S.A. E.S.P.;ATLANTICO;PALMAR DE VARELA;6905;46.66;46.66;7.446;30.433;73.9;61.45;244.083;13-mar-25;
SOCIEDAD DE ACUEDUCTO; ALCANTARILLADO Y ASEO DE BARRANQUILLA S.A. E.S.P.;ATLANTICO;PALMAR DE VARELA;6906;33.371;33.371;7.551;29.467;42.742;39.55;164.1;14-mar-25;
SOCIEDAD DE ACUEDUCTO; ALCANTARILLADO Y ASEO DE BARRANQUILLA S.A. E.S.P.;ATLANTICO;PALMAR DE VARELA;6907;1820;1820;7.53;31.19;39;134.02;305.17;10-mar-25;
SOCIEDAD DE ACUEDUCTO; ALCANTARILLADO Y ASEO DE BARRANQUILLA S.A. E.S.P.;ATLANTICO;PALMAR DE VARELA;6908;1.663;1.663;7.787;28.817;35.183;32.683;110.608;14-mar-25;
SOCIEDAD DE ACUEDUCTO; ALCANTARILLADO Y ASEO DE BARRANQUILLA S.A. E.S.P.;ATLANTICO;PALMAR DE VARELA;6909;24.926;24.926;7.494;29.783;20.46;24.533;117.133;14-mar-25;
SOCIEDAD DE ACUEDUCTO; ALCANTARILLADO Y ASEO DE BARRANQUILLA S.A. E.S.P.;ATLANTICO;PALMAR DE VARELA;6910;16.065;16.065;8.195;30.308;59.95;44.542;149.775;15-mar-25;
SOCIEDAD DE ACUEDUCTO; ALCANTARILLADO Y ASEO DE BARRANQUILLA S.A. E.S.P.;ATLANTICO;POLONUEVO;921;748.26;748.26;7.554;31.108;44.542;76.358;153.5;12-mar-25;
SOCIEDAD DE ACUEDUCTO; ALCANTARILLADO Y ASEO DE BARRANQUILLA S.A. E.S.P.;ATLANTICO;POLONUEVO;922;81.459;81.459;7.663;29.892;17.765;40.292;128.708;14-mar-25;
SOCIEDAD DE ACUEDUCTO; ALCANTARILLADO Y ASEO DE BARRANQUILLA S.A. E.S.P.;ATLANTICO;POLONUEVO;923;65.918;65.918;7.491;31.667;35.061;63.383;189.467;15-mar-25;
SOCIEDAD DE ACUEDUCTO; ALCANTARILLADO Y ASEO DE BARRANQUILLA S.A. E.S.P.;ATLANTICO;POLONUEVO;3982;52.932;52.932;7.393;30.533;56.883;58.783;213.875;13-mar-25;
SOCIEDAD DE ACUEDUCTO; ALCANTARILLADO Y ASEO DE BARRANQUILLA S.A. E.S.P.;ATLANTICO;POLONUEVO;3983;46.79;46.79;7.446;30.433;73.9;61.45;244.083;13-mar-25;
SOCIEDAD DE ACUEDUCTO; ALCANTARILLADO Y ASEO DE BARRANQUILLA S.A. E.S.P.;ATLANTICO;POLONUEVO;3984;54.844;54.844;7.184;30.933;29.337;73.342;181.667;13-mar-25;
SOCIEDAD DE ACUEDUCTO; ALCANTARILLADO Y ASEO DE BARRANQUILLA S.A. E.S.P.;ATLANTICO;POLONUEVO;3985;65.187;65.187;6.988;30.925;19.88;60.325;150.8;14-mar-25;
SOCIEDAD DE ACUEDUCTO; ALCANTARILLADO Y ASEO DE BARRANQUILLA S.A. E.S.P.;ATLANTICO;POLONUEVO;4605;33.371;33.371;7.551;29.467;42.742;39.55;164.1;14-mar-25;
SOCIEDAD DE ACUEDUCTO; ALCANTARILLADO Y ASEO DE BARRANQUILLA S.A. E.S.P.;ATLANTICO;POLONUEVO;5325;1820;1820;7.5;31.297;39;134.02;305.17;10-mar-25;
SOCIEDAD DE ACUEDUCTO; ALCANTARILLADO Y ASEO DE BARRANQUILLA S.A. E.S.P.;ATLANTICO;POLONUEVO;6319;1.663;1.663;7.787;28.817;35.183;32.683;110.608;14-mar-25;
SOCIEDAD DE ACUEDUCTO; ALCANTARILLADO Y ASEO DE BARRANQUILLA S.A. E.S.P.;ATLANTICO;POLONUEVO;6899;65.918;65.918;7.491;31.667;35.061;63.383;189.467;14-mar-25;
SOCIEDAD DE ACUEDUCTO; ALCANTARILLADO Y ASEO DE BARRANQUILLA S.A. E.S.P.;ATLANTICO;POLONUEVO;6900;748.26;748.26;7.554;31.108;44.542;48.733;153.5;12-mar-25;
SOCIEDAD DE ACUEDUCTO; ALCANTARILLADO Y ASEO DE BARRANQUILLA S.A. E.S.P.;ATLANTICO;POLONUEVO;6901;81.46;81.46;7.663;29.892;17.765;40.292;127.208;14-mar-25;
SOCIEDAD DE ACUEDUCTO; ALCANTARILLADO Y ASEO DE BARRANQUILLA S.A. E.S.P.;ATLANTICO;POLONUEVO;6902;54.844;54.844;7.184;30.933;29.337;73.342;181.667;13-mar-25;
SOCIEDAD DE ACUEDUCTO; ALCANTARILLADO Y ASEO DE BARRANQUILLA S.A. E.S.P.;ATLANTICO;POLONUEVO;6903;65.187;65.187;6.988;30.925;19.88;60.325;150.8;14-mar-25;
SOCIEDAD DE ACUEDUCTO; ALCANTARILLADO Y ASEO DE BARRANQUILLA S.A. E.S.P.;ATLANTICO;POLONUEVO;6904;52.932;52.932;7.373;30.533;53.05;59.158;219.125;13-mar-25;
SOCIEDAD DE ACUEDUCTO; ALCANTARILLADO Y ASEO DE BARRANQUILLA S.A. E.S.P.;ATLANTICO;POLONUEVO;6905;46.66;46.66;7.446;30.433;73.9;61.45;244.083;13-mar-25;
SOCIEDAD DE ACUEDUCTO; ALCANTARILLADO Y ASEO DE BARRANQUILLA S.A. E.S.P.;ATLANTICO;POLONUEVO;6906;33.371;33.371;7.551;29.467;42.742;39.55;164.1;14-mar-25;
SOCIEDAD DE ACUEDUCTO; ALCANTARILLADO Y ASEO DE BARRANQUILLA S.A. E.S.P.;ATLANTICO;POLONUEVO;6907;1820;1820;7.53;31.19;39;134.02;305.17;10-mar-25;
SOCIEDAD DE ACUEDUCTO; ALCANTARILLADO Y ASEO DE BARRANQUILLA S.A. E.S.P.;ATLANTICO;POLONUEVO;6908;1.663;1.663;7.787;28.817;35.183;32.683;110.608;14-mar-25;
SOCIEDAD DE ACUEDUCTO; ALCANTARILLADO Y ASEO DE BARRANQUILLA S.A. E.S.P.;ATLANTICO;POLONUEVO;6909;24.926;24.926;7.494;29.783;20.46;24.533;117.133;14-mar-25;
SOCIEDAD DE ACUEDUCTO; ALCANTARILLADO Y ASEO DE BARRANQUILLA S.A. E.S.P.;ATLANTICO;POLONUEVO;6910;16.065;16.065;8.195;30.308;59.95;44.542;149.775;15-mar-25;
SOCIEDAD DE ACUEDUCTO; ALCANTARILLADO Y ASEO DE BARRANQUILLA S.A. E.S.P.;ATLANTICO;PUERTO COLOMBIA;921;748.26;748.26;7.554;31.108;44.542;76.358;153.5;12-mar-25;
SOCIEDAD DE ACUEDUCTO; ALCANTARILLADO Y ASEO DE BARRANQUILLA S.A. E.S.P.;ATLANTICO;PUERTO COLOMBIA;922;81.459;81.459;7.663;29.892;17.765;40.292;128.708;14-mar-25;
SOCIEDAD DE ACUEDUCTO; ALCANTARILLADO Y ASEO DE BARRANQUILLA S.A. E.S.P.;ATLANTICO;PUERTO COLOMBIA;923;65.918;65.918;7.491;31.667;35.061;63.383;189.467;15-mar-25;
SOCIEDAD DE ACUEDUCTO; ALCANTARILLADO Y ASEO DE BARRANQUILLA S.A. E.S.P.;ATLANTICO;PUERTO COLOMBIA;3982;52.932;52.932;7.393;30.533;56.883;58.783;213.875;13-mar-25;
SOCIEDAD DE ACUEDUCTO; ALCANTARILLADO Y ASEO DE BARRANQUILLA S.A. E.S.P.;ATLANTICO;PUERTO COLOMBIA;3983;46.79;46.79;7.446;30.433;73.9;61.45;244.083;13-mar-25;
SOCIEDAD DE ACUEDUCTO; ALCANTARILLADO Y ASEO DE BARRANQUILLA S.A. E.S.P.;ATLANTICO;PUERTO COLOMBIA;3984;54.844;54.844;7.184;30.933;29.337;73.342;181.667;13-mar-25;
SOCIEDAD DE ACUEDUCTO; ALCANTARILLADO Y ASEO DE BARRANQUILLA S.A. E.S.P.;ATLANTICO;PUERTO COLOMBIA;3985;65.187;65.187;6.988;30.925;19.88;60.325;150.8;14-mar-25;
SOCIEDAD DE ACUEDUCTO; ALCANTARILLADO Y ASEO DE BARRANQUILLA S.A. E.S.P.;ATLANTICO;PUERTO COLOMBIA;4605;33.371;33.371;7.551;29.467;42.742;39.55;164.1;14-mar-25;
SOCIEDAD DE ACUEDUCTO; ALCANTARILLADO Y ASEO DE BARRANQUILLA S.A. E.S.P.;ATLANTICO;PUERTO COLOMBIA;5325;1820;1820;7.5;31.297;39;134.02;305.17;10-mar-25;
SOCIEDAD DE ACUEDUCTO; ALCANTARILLADO Y ASEO DE BARRANQUILLA S.A. E.S.P.;ATLANTICO;PUERTO COLOMBIA;6319;1.663;1.663;7.787;28.817;35.183;32.683;110.608;14-mar-25;
SOCIEDAD DE ACUEDUCTO; ALCANTARILLADO Y ASEO DE BARRANQUILLA S.A. E.S.P.;ATLANTICO;PUERTO COLOMBIA;6899;65.918;65.918;7.491;31.667;35.061;63.383;189.467;14-mar-25;
SOCIEDAD DE ACUEDUCTO; ALCANTARILLADO Y ASEO DE BARRANQUILLA S.A. E.S.P.;ATLANTICO;PUERTO COLOMBIA;6900;748.26;748.26;7.554;31.108;44.542;48.733;153.5;12-mar-25;
SOCIEDAD DE ACUEDUCTO; ALCANTARILLADO Y ASEO DE BARRANQUILLA S.A. E.S.P.;ATLANTICO;PUERTO COLOMBIA;6901;81.46;81.46;7.663;29.892;17.765;40.292;127.208;14-mar-25;
SOCIEDAD DE ACUEDUCTO; ALCANTARILLADO Y ASEO DE BARRANQUILLA S.A. E.S.P.;ATLANTICO;PUERTO COLOMBIA;6902;54.844;54.844;7.184;30.933;29.337;73.342;181.667;13-mar-25;
SOCIEDAD DE ACUEDUCTO; ALCANTARILLADO Y ASEO DE BARRANQUILLA S.A. E.S.P.;ATLANTICO;PUERTO COLOMBIA;6903;65.187;65.187;6.988;30.925;19.88;60.325;150.8;14-mar-25;
SOCIEDAD DE ACUEDUCTO; ALCANTARILLADO Y ASEO DE BARRANQUILLA S.A. E.S.P.;ATLANTICO;PUERTO COLOMBIA;6904;52.932;52.932;7.373;30.533;53.05;59.158;219.125;13-mar-25;
SOCIEDAD DE ACUEDUCTO; ALCANTARILLADO Y ASEO DE BARRANQUILLA S.A. E.S.P.;ATLANTICO;PUERTO COLOMBIA;6905;46.66;46.66;7.446;30.433;73.9;61.45;244.083;13-mar-25;
SOCIEDAD DE ACUEDUCTO; ALCANTARILLADO Y ASEO DE BARRANQUILLA S.A. E.S.P.;ATLANTICO;PUERTO COLOMBIA;6906;33.371;33.371;7.551;29.467;42.742;39.55;164.1;14-mar-25;
SOCIEDAD DE ACUEDUCTO; ALCANTARILLADO Y ASEO DE BARRANQUILLA S.A. E.S.P.;ATLANTICO;PUERTO COLOMBIA;6907;1820;1820;7.53;31.19;39;134.02;305.17;10-mar-25;
SOCIEDAD DE ACUEDUCTO; ALCANTARILLADO Y ASEO DE BARRANQUILLA S.A. E.S.P.;ATLANTICO;PUERTO COLOMBIA;6908;1.663;1.663;7.787;28.817;35.183;32.683;110.608;14-mar-25;
SOCIEDAD DE ACUEDUCTO; ALCANTARILLADO Y ASEO DE BARRANQUILLA S.A. E.S.P.;ATLANTICO;PUERTO COLOMBIA;6909;24.926;24.926;7.494;29.783;20.46;24.533;117.133;14-mar-25;
SOCIEDAD DE ACUEDUCTO; ALCANTARILLADO Y ASEO DE BARRANQUILLA S.A. E.S.P.;ATLANTICO;PUERTO COLOMBIA;6910;16.065;16.065;8.195;30.308;59.95;44.542;149.775;15-mar-25;
SOCIEDAD DE ACUEDUCTO; ALCANTARILLADO Y ASEO DE BARRANQUILLA S.A. E.S.P.;ATLANTICO;SABANAGRANDE;921;748.26;748.26;7.554;31.108;44.542;76.358;153.5;12-mar-25;
SOCIEDAD DE ACUEDUCTO; ALCANTARILLADO Y ASEO DE BARRANQUILLA S.A. E.S.P.;ATLANTICO;SABANAGRANDE;922;81.459;81.459;7.663;29.892;17.765;40.292;128.708;14-mar-25;
SOCIEDAD DE ACUEDUCTO; ALCANTARILLADO Y ASEO DE BARRANQUILLA S.A. E.S.P.;ATLANTICO;SABANAGRANDE;923;65.918;65.918;7.491;31.667;35.061;63.383;189.467;15-mar-25;
SOCIEDAD DE ACUEDUCTO; ALCANTARILLADO Y ASEO DE BARRANQUILLA S.A. E.S.P.;ATLANTICO;SABANAGRANDE;3982;52.932;52.932;7.393;30.533;56.883;58.783;213.875;13-mar-25;
SOCIEDAD DE ACUEDUCTO; ALCANTARILLADO Y ASEO DE BARRANQUILLA S.A. E.S.P.;ATLANTICO;SABANAGRANDE;3983;46.79;46.79;7.446;30.433;73.9;61.45;244.083;13-mar-25;
SOCIEDAD DE ACUEDUCTO; ALCANTARILLADO Y ASEO DE BARRANQUILLA S.A. E.S.P.;ATLANTICO;SABANAGRANDE;3984;54.844;54.844;7.184;30.933;29.337;73.342;181.667;13-mar-25;
SOCIEDAD DE ACUEDUCTO; ALCANTARILLADO Y ASEO DE BARRANQUILLA S.A. E.S.P.;ATLANTICO;SABANAGRANDE;3985;65.187;65.187;6.988;30.925;19.88;60.325;150.8;14-mar-25;
SOCIEDAD DE ACUEDUCTO; ALCANTARILLADO Y ASEO DE BARRANQUILLA S.A. E.S.P.;ATLANTICO;SABANAGRANDE;4605;33.371;33.371;7.551;29.467;42.742;39.55;164.1;14-mar-25;
SOCIEDAD DE ACUEDUCTO; ALCANTARILLADO Y ASEO DE BARRANQUILLA S.A. E.S.P.;ATLANTICO;SABANAGRANDE;5325;1820;1820;7.5;31.297;39;134.02;305.17;10-mar-25;
SOCIEDAD DE ACUEDUCTO; ALCANTARILLADO Y ASEO DE BARRANQUILLA S.A. E.S.P.;ATLANTICO;SABANAGRANDE;6319;1.663;1.663;7.787;28.817;35.183;32.683;110.608;14-mar-25;
SOCIEDAD DE ACUEDUCTO; ALCANTARILLADO Y ASEO DE BARRANQUILLA S.A. E.S.P.;ATLANTICO;SABANAGRANDE;6899;65.918;65.918;7.491;31.667;35.061;63.383;189.467;14-mar-25;
SOCIEDAD DE ACUEDUCTO; ALCANTARILLADO Y ASEO DE BARRANQUILLA S.A. E.S.P.;ATLANTICO;SABANAGRANDE;6900;748.26;748.26;7.554;31.108;44.542;48.733;153.5;12-mar-25;
SOCIEDAD DE ACUEDUCTO; ALCANTARILLADO Y ASEO DE BARRANQUILLA S.A. E.S.P.;ATLANTICO;SABANAGRANDE;6901;81.46;81.46;7.663;29.892;17.765;40.292;127.208;14-mar-25;
SOCIEDAD DE ACUEDUCTO; ALCANTARILLADO Y ASEO DE BARRANQUILLA S.A. E.S.P.;ATLANTICO;SABANAGRANDE;6902;54.844;54.844;7.184;30.933;29.337;73.342;181.667;13-mar-25;
SOCIEDAD DE ACUEDUCTO; ALCANTARILLADO Y ASEO DE BARRANQUILLA S.A. E.S.P.;ATLANTICO;SABANAGRANDE;6903;65.187;65.187;6.988;30.925;19.88;60.325;150.8;14-mar-25;
SOCIEDAD DE ACUEDUCTO; ALCANTARILLADO Y ASEO DE BARRANQUILLA S.A. E.S.P.;ATLANTICO;SABANAGRANDE;6904;52.932;52.932;7.373;30.533;53.05;59.158;219.125;13-mar-25;
SOCIEDAD DE ACUEDUCTO; ALCANTARILLADO Y ASEO DE BARRANQUILLA S.A. E.S.P.;ATLANTICO;SABANAGRANDE;6905;46.66;46.66;7.446;30.433;73.9;61.45;244.083;13-mar-25;
SOCIEDAD DE ACUEDUCTO; ALCANTARILLADO Y ASEO DE BARRANQUILLA S.A. E.S.P.;ATLANTICO;SABANAGRANDE;6906;33.371;33.371;7.551;29.467;42.742;39.55;164.1;14-mar-25;
SOCIEDAD DE ACUEDUCTO; ALCANTARILLADO Y ASEO DE BARRANQUILLA S.A. E.S.P.;ATLANTICO;SABANAGRANDE;6907;1820;1820;7.53;31.19;39;134.02;305.17;10-mar-25;
SOCIEDAD DE ACUEDUCTO; ALCANTARILLADO Y ASEO DE BARRANQUILLA S.A. E.S.P.;ATLANTICO;SABANAGRANDE;6908;1.663;1.663;7.787;28.817;35.183;32.683;110.608;14-mar-25;
SOCIEDAD DE ACUEDUCTO; ALCANTARILLADO Y ASEO DE BARRANQUILLA S.A. E.S.P.;ATLANTICO;SABANAGRANDE;6909;24.926;24.926;7.494;29.783;20.46;24.533;117.133;14-mar-25;
SOCIEDAD DE ACUEDUCTO; ALCANTARILLADO Y ASEO DE BARRANQUILLA S.A. E.S.P.;ATLANTICO;SABANAGRANDE;6910;16.065;16.065;8.195;30.308;59.95;44.542;149.775;15-mar-25;
SOCIEDAD DE ACUEDUCTO; ALCANTARILLADO Y ASEO DE BARRANQUILLA S.A. E.S.P.;ATLANTICO;SABANALARGA;921;748.26;748.26;7.554;31.108;44.542;76.358;153.5;12-mar-25;
SOCIEDAD DE ACUEDUCTO; ALCANTARILLADO Y ASEO DE BARRANQUILLA S.A. E.S.P.;ATLANTICO;SABANALARGA;922;81.459;81.459;7.663;29.892;17.765;40.292;128.708;14-mar-25;
SOCIEDAD DE ACUEDUCTO; ALCANTARILLADO Y ASEO DE BARRANQUILLA S.A. E.S.P.;ATLANTICO;SABANALARGA;923;65.918;65.918;7.491;31.667;35.061;63.383;189.467;15-mar-25;
SOCIEDAD DE ACUEDUCTO; ALCANTARILLADO Y ASEO DE BARRANQUILLA S.A. E.S.P.;ATLANTICO;SABANALARGA;3982;52.932;52.932;7.393;30.533;56.883;58.783;213.875;13-mar-25;
SOCIEDAD DE ACUEDUCTO; ALCANTARILLADO Y ASEO DE BARRANQUILLA S.A. E.S.P.;ATLANTICO;SABANALARGA;3983;46.79;46.79;7.446;30.433;73.9;61.45;244.083;13-mar-25;
SOCIEDAD DE ACUEDUCTO; ALCANTARILLADO Y ASEO DE BARRANQUILLA S.A. E.S.P.;ATLANTICO;SABANALARGA;3984;54.844;54.844;7.184;30.933;29.337;73.342;181.667;13-mar-25;
SOCIEDAD DE ACUEDUCTO; ALCANTARILLADO Y ASEO DE BARRANQUILLA S.A. E.S.P.;ATLANTICO;SABANALARGA;3985;65.187;65.187;6.988;30.925;19.88;60.325;150.8;14-mar-25;
SOCIEDAD DE ACUEDUCTO; ALCANTARILLADO Y ASEO DE BARRANQUILLA S.A. E.S.P.;ATLANTICO;SABANALARGA;4605;33.371;33.371;7.551;29.467;42.742;39.55;164.1;14-mar-25;
SOCIEDAD DE ACUEDUCTO; ALCANTARILLADO Y ASEO DE BARRANQUILLA S.A. E.S.P.;ATLANTICO;SABANALARGA;5325;1820;1820;7.5;31.297;39;134.02;305.17;10-mar-25;
SOCIEDAD DE ACUEDUCTO; ALCANTARILLADO Y ASEO DE BARRANQUILLA S.A. E.S.P.;ATLANTICO;SABANALARGA;6319;1.663;1.663;7.787;28.817;35.183;32.683;110.608;14-mar-25;
SOCIEDAD DE ACUEDUCTO; ALCANTARILLADO Y ASEO DE BARRANQUILLA S.A. E.S.P.;ATLANTICO;SABANALARGA;6899;65.918;65.918;7.491;31.667;35.061;63.383;189.467;14-mar-25;
SOCIEDAD DE ACUEDUCTO; ALCANTARILLADO Y ASEO DE BARRANQUILLA S.A. E.S.P.;ATLANTICO;SABANALARGA;6900;748.26;748.26;7.554;31.108;44.542;48.733;153.5;12-mar-25;
SOCIEDAD DE ACUEDUCTO; ALCANTARILLADO Y ASEO DE BARRANQUILLA S.A. E.S.P.;ATLANTICO;SABANALARGA;6901;81.46;81.46;7.663;29.892;17.765;40.292;127.208;14-mar-25;
SOCIEDAD DE ACUEDUCTO; ALCANTARILLADO Y ASEO DE BARRANQUILLA S.A. E.S.P.;ATLANTICO;SABANALARGA;6902;54.844;54.844;7.184;30.933;29.337;73.342;181.667;13-mar-25;
SOCIEDAD DE ACUEDUCTO; ALCANTARILLADO Y ASEO DE BARRANQUILLA S.A. E.S.P.;ATLANTICO;SABANALARGA;6903;65.187;65.187;6.988;30.925;19.88;60.325;150.8;14-mar-25;
SOCIEDAD DE ACUEDUCTO; ALCANTARILLADO Y ASEO DE BARRANQUILLA S.A. E.S.P.;ATLANTICO;SABANALARGA;6904;52.932;52.932;7.373;30.533;53.05;59.158;219.125;13-mar-25;
SOCIEDAD DE ACUEDUCTO; ALCANTARILLADO Y ASEO DE BARRANQUILLA S.A. E.S.P.;ATLANTICO;SABANALARGA;6905;46.66;46.66;7.446;30.433;73.9;61.45;244.083;13-mar-25;
SOCIEDAD DE ACUEDUCTO; ALCANTARILLADO Y ASEO DE BARRANQUILLA S.A. E.S.P.;ATLANTICO;SABANALARGA;6906;33.371;33.371;7.551;29.467;42.742;39.55;164.1;14-mar-25;
SOCIEDAD DE ACUEDUCTO; ALCANTARILLADO Y ASEO DE BARRANQUILLA S.A. E.S.P.;ATLANTICO;SABANALARGA;6907;1820;1820;7.53;31.19;39;134.02;305.17;10-mar-25;
SOCIEDAD DE ACUEDUCTO; ALCANTARILLADO Y ASEO DE BARRANQUILLA S.A. E.S.P.;ATLANTICO;SABANALARGA;6908;1.663;1.663;7.787;28.817;35.183;32.683;110.608;14-mar-25;
SOCIEDAD DE ACUEDUCTO; ALCANTARILLADO Y ASEO DE BARRANQUILLA S.A. E.S.P.;ATLANTICO;SABANALARGA;6909;24.926;24.926;7.494;29.783;20.46;24.533;117.133;14-mar-25;
SOCIEDAD DE ACUEDUCTO; ALCANTARILLADO Y ASEO DE BARRANQUILLA S.A. E.S.P.;ATLANTICO;SABANALARGA;6910;16.065;16.065;8.195;30.308;59.95;44.542;149.775;15-mar-25;
SOCIEDAD DE ACUEDUCTO; ALCANTARILLADO Y ASEO DE BARRANQUILLA S.A. E.S.P.;ATLANTICO;SANTO TOMAS;921;748.26;748.26;7.554;31.108;44.542;76.358;153.5;12-mar-25;
SOCIEDAD DE ACUEDUCTO; ALCANTARILLADO Y ASEO DE BARRANQUILLA S.A. E.S.P.;ATLANTICO;SANTO TOMAS;922;81.459;81.459;7.663;29.892;17.765;40.292;128.708;14-mar-25;
SOCIEDAD DE ACUEDUCTO; ALCANTARILLADO Y ASEO DE BARRANQUILLA S.A. E.S.P.;ATLANTICO;SANTO TOMAS;923;65.918;65.918;7.491;31.667;35.061;63.383;189.467;15-mar-25;
SOCIEDAD DE ACUEDUCTO; ALCANTARILLADO Y ASEO DE BARRANQUILLA S.A. E.S.P.;ATLANTICO;SANTO TOMAS;3982;52.932;52.932;7.393;30.533;56.883;58.783;213.875;13-mar-25;
SOCIEDAD DE ACUEDUCTO; ALCANTARILLADO Y ASEO DE BARRANQUILLA S.A. E.S.P.;ATLANTICO;SANTO TOMAS;3983;46.79;46.79;7.446;30.433;73.9;61.45;244.083;13-mar-25;
SOCIEDAD DE ACUEDUCTO; ALCANTARILLADO Y ASEO DE BARRANQUILLA S.A. E.S.P.;ATLANTICO;SANTO TOMAS;3984;54.844;54.844;7.184;30.933;29.337;73.342;181.667;13-mar-25;
SOCIEDAD DE ACUEDUCTO; ALCANTARILLADO Y ASEO DE BARRANQUILLA S.A. E.S.P.;ATLANTICO;SANTO TOMAS;3985;65.187;65.187;6.988;30.925;19.88;60.325;150.8;14-mar-25;
SOCIEDAD DE ACUEDUCTO; ALCANTARILLADO Y ASEO DE BARRANQUILLA S.A. E.S.P.;ATLANTICO;SANTO TOMAS;4605;33.371;33.371;7.551;29.467;42.742;39.55;164.1;14-mar-25;
SOCIEDAD DE ACUEDUCTO; ALCANTARILLADO Y ASEO DE BARRANQUILLA S.A. E.S.P.;ATLANTICO;SANTO TOMAS;5325;1820;1820;7.5;31.297;39;134.02;305.17;10-mar-25;
SOCIEDAD DE ACUEDUCTO; ALCANTARILLADO Y ASEO DE BARRANQUILLA S.A. E.S.P.;ATLANTICO;SANTO TOMAS;6319;1.663;1.663;7.787;28.817;35.183;32.683;110.608;14-mar-25;
SOCIEDAD DE ACUEDUCTO; ALCANTARILLADO Y ASEO DE BARRANQUILLA S.A. E.S.P.;ATLANTICO;SANTO TOMAS;6899;65.918;65.918;7.491;31.667;35.061;63.383;189.467;14-mar-25;
SOCIEDAD DE ACUEDUCTO; ALCANTARILLADO Y ASEO DE BARRANQUILLA S.A. E.S.P.;ATLANTICO;SANTO TOMAS;6900;748.26;748.26;7.554;31.108;44.542;48.733;153.5;12-mar-25;
SOCIEDAD DE ACUEDUCTO; ALCANTARILLADO Y ASEO DE BARRANQUILLA S.A. E.S.P.;ATLANTICO;SANTO TOMAS;6901;81.46;81.46;7.663;29.892;17.765;40.292;127.208;14-mar-25;
SOCIEDAD DE ACUEDUCTO; ALCANTARILLADO Y ASEO DE BARRANQUILLA S.A. E.S.P.;ATLANTICO;SANTO TOMAS;6902;54.844;54.844;7.184;30.933;29.337;73.342;181.667;13-mar-25;
SOCIEDAD DE ACUEDUCTO; ALCANTARILLADO Y ASEO DE BARRANQUILLA S.A. E.S.P.;ATLANTICO;SANTO TOMAS;6903;65.187;65.187;6.988;30.925;19.88;60.325;150.8;14-mar-25;
SOCIEDAD DE ACUEDUCTO; ALCANTARILLADO Y ASEO DE BARRANQUILLA S.A. E.S.P.;ATLANTICO;SANTO TOMAS;6904;52.932;52.932;7.373;30.533;53.05;59.158;219.125;13-mar-25;
SOCIEDAD DE ACUEDUCTO; ALCANTARILLADO Y ASEO DE BARRANQUILLA S.A. E.S.P.;ATLANTICO;SANTO TOMAS;6905;46.66;46.66;7.446;30.433;73.9;61.45;244.083;13-mar-25;
SOCIEDAD DE ACUEDUCTO; ALCANTARILLADO Y ASEO DE BARRANQUILLA S.A. E.S.P.;ATLANTICO;SANTO TOMAS;6906;33.371;33.371;7.551;29.467;42.742;39.55;164.1;14-mar-25;
SOCIEDAD DE ACUEDUCTO; ALCANTARILLADO Y ASEO DE BARRANQUILLA S.A. E.S.P.;ATLANTICO;SANTO TOMAS;6907;1820;1820;7.53;31.19;39;134.02;305.17;10-mar-25;
SOCIEDAD DE ACUEDUCTO; ALCANTARILLADO Y ASEO DE BARRANQUILLA S.A. E.S.P.;ATLANTICO;SANTO TOMAS;6908;1.663;1.663;7.787;28.817;35.183;32.683;110.608;14-mar-25;
SOCIEDAD DE ACUEDUCTO; ALCANTARILLADO Y ASEO DE BARRANQUILLA S.A. E.S.P.;ATLANTICO;SANTO TOMAS;6909;24.926;24.926;7.494;29.783;20.46;24.533;117.133;14-mar-25;
SOCIEDAD DE ACUEDUCTO; ALCANTARILLADO Y ASEO DE BARRANQUILLA S.A. E.S.P.;ATLANTICO;SANTO TOMAS;6910;16.065;16.065;8.195;30.308;59.95;44.542;149.775;15-mar-25;
SOCIEDAD DE ACUEDUCTO; ALCANTARILLADO Y ASEO DE BARRANQUILLA S.A. E.S.P.;ATLANTICO;SOLEDAD;921;748.26;748.26;7.554;31.108;44.542;76.358;153.5;12-mar-25;
SOCIEDAD DE ACUEDUCTO; ALCANTARILLADO Y ASEO DE BARRANQUILLA S.A. E.S.P.;ATLANTICO;SOLEDAD;922;81.459;81.459;7.663;29.892;17.765;40.292;128.708;14-mar-25;
SOCIEDAD DE ACUEDUCTO; ALCANTARILLADO Y ASEO DE BARRANQUILLA S.A. E.S.P.;ATLANTICO;SOLEDAD;923;65.918;65.918;7.491;31.667;35.061;63.383;189.467;15-mar-25;
SOCIEDAD DE ACUEDUCTO; ALCANTARILLADO Y ASEO DE BARRANQUILLA S.A. E.S.P.;ATLANTICO;SOLEDAD;3982;52.932;52.932;7.393;30.533;56.883;58.783;213.875;13-mar-25;
SOCIEDAD DE ACUEDUCTO; ALCANTARILLADO Y ASEO DE BARRANQUILLA S.A. E.S.P.;ATLANTICO;SOLEDAD;3983;46.79;46.79;7.446;30.433;73.9;61.45;244.083;13-mar-25;
SOCIEDAD DE ACUEDUCTO; ALCANTARILLADO Y ASEO DE BARRANQUILLA S.A. E.S.P.;ATLANTICO;SOLEDAD;3984;54.844;54.844;7.184;30.933;29.337;73.342;181.667;13-mar-25;
SOCIEDAD DE ACUEDUCTO; ALCANTARILLADO Y ASEO DE BARRANQUILLA S.A. E.S.P.;ATLANTICO;SOLEDAD;3985;65.187;65.187;6.988;30.925;19.88;60.325;150.8;14-mar-25;
SOCIEDAD DE ACUEDUCTO; ALCANTARILLADO Y ASEO DE BARRANQUILLA S.A. E.S.P.;ATLANTICO;SOLEDAD;4605;33.371;33.371;7.551;29.467;42.742;39.55;164.1;14-mar-25;
SOCIEDAD DE ACUEDUCTO; ALCANTARILLADO Y ASEO DE BARRANQUILLA S.A. E.S.P.;ATLANTICO;SOLEDAD;5325;1820;1820;7.5;31.297;39;134.02;305.17;10-mar-25;
SOCIEDAD DE ACUEDUCTO; ALCANTARILLADO Y ASEO DE BARRANQUILLA S.A. E.S.P.;ATLANTICO;SOLEDAD;6319;1.663;1.663;7.787;28.817;35.183;32.683;110.608;14-mar-25;
SOCIEDAD DE ACUEDUCTO; ALCANTARILLADO Y ASEO DE BARRANQUILLA S.A. E.S.P.;ATLANTICO;SOLEDAD;6899;65.918;65.918;7.491;31.667;35.061;63.383;189.467;14-mar-25;
SOCIEDAD DE ACUEDUCTO; ALCANTARILLADO Y ASEO DE BARRANQUILLA S.A. E.S.P.;ATLANTICO;SOLEDAD;6900;748.26;748.26;7.554;31.108;44.542;48.733;153.5;12-mar-25;
SOCIEDAD DE ACUEDUCTO; ALCANTARILLADO Y ASEO DE BARRANQUILLA S.A. E.S.P.;ATLANTICO;SOLEDAD;6901;81.46;81.46;7.663;29.892;17.765;40.292;127.208;14-mar-25;
SOCIEDAD DE ACUEDUCTO; ALCANTARILLADO Y ASEO DE BARRANQUILLA S.A. E.S.P.;ATLANTICO;SOLEDAD;6902;54.844;54.844;7.184;30.933;29.337;73.342;181.667;13-mar-25;
SOCIEDAD DE ACUEDUCTO; ALCANTARILLADO Y ASEO DE BARRANQUILLA S.A. E.S.P.;ATLANTICO;SOLEDAD;6903;65.187;65.187;6.988;30.925;19.88;60.325;150.8;14-mar-25;
SOCIEDAD DE ACUEDUCTO; ALCANTARILLADO Y ASEO DE BARRANQUILLA S.A. E.S.P.;ATLANTICO;SOLEDAD;6904;52.932;52.932;7.373;30.533;53.05;59.158;219.125;13-mar-25;
SOCIEDAD DE ACUEDUCTO; ALCANTARILLADO Y ASEO DE BARRANQUILLA S.A. E.S.P.;ATLANTICO;SOLEDAD;6905;46.66;46.66;7.446;30.433;73.9;61.45;244.083;13-mar-25;
SOCIEDAD DE ACUEDUCTO; ALCANTARILLADO Y ASEO DE BARRANQUILLA S.A. E.S.P.;ATLANTICO;SOLEDAD;6906;33.371;33.371;7.551;29.467;42.742;39.55;164.1;14-mar-25;
SOCIEDAD DE ACUEDUCTO; ALCANTARILLADO Y ASEO DE BARRANQUILLA S.A. E.S.P.;ATLANTICO;SOLEDAD;6907;1820;1820;7.53;31.19;39;134.02;305.17;10-mar-25;
SOCIEDAD DE ACUEDUCTO; ALCANTARILLADO Y ASEO DE BARRANQUILLA S.A. E.S.P.;ATLANTICO;SOLEDAD;6908;1.663;1.663;7.787;28.817;35.183;32.683;110.608;14-mar-25;
SOCIEDAD DE ACUEDUCTO; ALCANTARILLADO Y ASEO DE BARRANQUILLA S.A. E.S.P.;ATLANTICO;SOLEDAD;6909;24.926;24.926;7.494;29.783;20.46;24.533;117.133;14-mar-25;
SOCIEDAD DE ACUEDUCTO; ALCANTARILLADO Y ASEO DE BARRANQUILLA S.A. E.S.P.;ATLANTICO;SOLEDAD;6910;16.065;16.065;8.195;30.308;59.95;44.542;149.775;15-mar-25;
SOCIEDAD DE ACUEDUCTO; ALCANTARILLADO Y ASEO DE BARRANQUILLA S.A. E.S.P.;ATLANTICO;TUBARA;921;748.26;748.26;7.554;31.108;44.542;76.358;153.5;12-mar-25;
SOCIEDAD DE ACUEDUCTO; ALCANTARILLADO Y ASEO DE BARRANQUILLA S.A. E.S.P.;ATLANTICO;TUBARA;922;81.459;81.459;7.663;29.892;17.765;40.292;128.708;14-mar-25;
SOCIEDAD DE ACUEDUCTO; ALCANTARILLADO Y ASEO DE BARRANQUILLA S.A. E.S.P.;ATLANTICO;TUBARA;923;65.918;65.918;7.491;31.667;35.061;63.383;189.467;15-mar-25;
SOCIEDAD DE ACUEDUCTO; ALCANTARILLADO Y ASEO DE BARRANQUILLA S.A. E.S.P.;ATLANTICO;TUBARA;3982;52.932;52.932;7.393;30.533;56.883;58.783;213.875;13-mar-25;
SOCIEDAD DE ACUEDUCTO; ALCANTARILLADO Y ASEO DE BARRANQUILLA S.A. E.S.P.;ATLANTICO;TUBARA;3983;46.79;46.79;7.446;30.433;73.9;61.45;244.083;13-mar-25;
SOCIEDAD DE ACUEDUCTO; ALCANTARILLADO Y ASEO DE BARRANQUILLA S.A. E.S.P.;ATLANTICO;TUBARA;3984;54.844;54.844;7.184;30.933;29.337;73.342;181.667;13-mar-25;
SOCIEDAD DE ACUEDUCTO; ALCANTARILLADO Y ASEO DE BARRANQUILLA S.A. E.S.P.;ATLANTICO;TUBARA;3985;65.187;65.187;6.988;30.925;19.88;60.325;150.8;14-mar-25;
SOCIEDAD DE ACUEDUCTO; ALCANTARILLADO Y ASEO DE BARRANQUILLA S.A. E.S.P.;ATLANTICO;TUBARA;4605;33.371;33.371;7.551;29.467;42.742;39.55;164.1;14-mar-25;
SOCIEDAD DE ACUEDUCTO; ALCANTARILLADO Y ASEO DE BARRANQUILLA S.A. E.S.P.;ATLANTICO;TUBARA;5325;1820;1820;7.5;31.297;39;134.02;305.17;10-mar-25;
SOCIEDAD DE ACUEDUCTO; ALCANTARILLADO Y ASEO DE BARRANQUILLA S.A. E.S.P.;ATLANTICO;TUBARA;6319;1.663;1.663;7.787;28.817;35.183;32.683;110.608;14-mar-25;
SOCIEDAD DE ACUEDUCTO; ALCANTARILLADO Y ASEO DE BARRANQUILLA S.A. E.S.P.;ATLANTICO;TUBARA;6899;65.918;65.918;7.491;31.667;35.061;63.383;189.467;14-mar-25;
SOCIEDAD DE ACUEDUCTO; ALCANTARILLADO Y ASEO DE BARRANQUILLA S.A. E.S.P.;ATLANTICO;TUBARA;6900;748.26;748.26;7.554;31.108;44.542;48.733;153.5;12-mar-25;
SOCIEDAD DE ACUEDUCTO; ALCANTARILLADO Y ASEO DE BARRANQUILLA S.A. E.S.P.;ATLANTICO;TUBARA;6901;81.46;81.46;7.663;29.892;17.765;40.292;127.208;14-mar-25;
SOCIEDAD DE ACUEDUCTO; ALCANTARILLADO Y ASEO DE BARRANQUILLA S.A. E.S.P.;ATLANTICO;TUBARA;6902;54.844;54.844;7.184;30.933;29.337;73.342;181.667;13-mar-25;
SOCIEDAD DE ACUEDUCTO; ALCANTARILLADO Y ASEO DE BARRANQUILLA S.A. E.S.P.;ATLANTICO;TUBARA;6903;65.187;65.187;6.988;30.925;19.88;60.325;150.8;14-mar-25;
SOCIEDAD DE ACUEDUCTO; ALCANTARILLADO Y ASEO DE BARRANQUILLA S.A. E.S.P.;ATLANTICO;TUBARA;6904;52.932;52.932;7.373;30.533;53.05;59.158;219.125;13-mar-25;
SOCIEDAD DE ACUEDUCTO; ALCANTARILLADO Y ASEO DE BARRANQUILLA S.A. E.S.P.;ATLANTICO;TUBARA;6905;46.66;46.66;7.446;30.433;73.9;61.45;244.083;13-mar-25;
SOCIEDAD DE ACUEDUCTO; ALCANTARILLADO Y ASEO DE BARRANQUILLA S.A. E.S.P.;ATLANTICO;TUBARA;6906;33.371;33.371;7.551;29.467;42.742;39.55;164.1;14-mar-25;
SOCIEDAD DE ACUEDUCTO; ALCANTARILLADO Y ASEO DE BARRANQUILLA S.A. E.S.P.;ATLANTICO;TUBARA;6907;1820;1820;7.53;31.19;39;134.02;305.17;10-mar-25;
SOCIEDAD DE ACUEDUCTO; ALCANTARILLADO Y ASEO DE BARRANQUILLA S.A. E.S.P.;ATLANTICO;TUBARA;6908;1.663;1.663;7.787;28.817;35.183;32.683;110.608;14-mar-25;
SOCIEDAD DE ACUEDUCTO; ALCANTARILLADO Y ASEO DE BARRANQUILLA S.A. E.S.P.;ATLANTICO;TUBARA;6909;24.926;24.926;7.494;29.783;20.46;24.533;117.133;14-mar-25;
SOCIEDAD DE ACUEDUCTO; ALCANTARILLADO Y ASEO DE BARRANQUILLA S.A. E.S.P.;ATLANTICO;TUBARA;6910;16.065;16.065;8.195;30.308;59.95;44.542;149.775;15-mar-25;
SOCIEDAD DE ACUEDUCTO; ALCANTARILLADO Y ASEO DE BARRANQUILLA S.A. E.S.P.;ATLANTICO;USIACURI;921;748.26;748.26;7.554;31.108;44.542;76.358;153.5;12-mar-25;
SOCIEDAD DE ACUEDUCTO; ALCANTARILLADO Y ASEO DE BARRANQUILLA S.A. E.S.P.;ATLANTICO;USIACURI;922;81.459;81.459;7.663;29.892;17.765;40.292;128.708;14-mar-25;
SOCIEDAD DE ACUEDUCTO; ALCANTARILLADO Y ASEO DE BARRANQUILLA S.A. E.S.P.;ATLANTICO;USIACURI;923;65.918;65.918;7.491;31.667;35.061;63.383;189.467;15-mar-25;
SOCIEDAD DE ACUEDUCTO; ALCANTARILLADO Y ASEO DE BARRANQUILLA S.A. E.S.P.;ATLANTICO;USIACURI;3982;52.932;52.932;7.393;30.533;56.883;58.783;213.875;13-mar-25;
SOCIEDAD DE ACUEDUCTO; ALCANTARILLADO Y ASEO DE BARRANQUILLA S.A. E.S.P.;ATLANTICO;USIACURI;3983;46.79;46.79;7.446;30.433;73.9;61.45;244.083;13-mar-25;
SOCIEDAD DE ACUEDUCTO; ALCANTARILLADO Y ASEO DE BARRANQUILLA S.A. E.S.P.;ATLANTICO;USIACURI;3984;54.844;54.844;7.184;30.933;29.337;73.342;181.667;13-mar-25;
SOCIEDAD DE ACUEDUCTO; ALCANTARILLADO Y ASEO DE BARRANQUILLA S.A. E.S.P.;ATLANTICO;USIACURI;3985;65.187;65.187;6.988;30.925;19.88;60.325;150.8;14-mar-25;
SOCIEDAD DE ACUEDUCTO; ALCANTARILLADO Y ASEO DE BARRANQUILLA S.A. E.S.P.;ATLANTICO;USIACURI;4605;33.371;33.371;7.551;29.467;42.742;39.55;164.1;14-mar-25;
SOCIEDAD DE ACUEDUCTO; ALCANTARILLADO Y ASEO DE BARRANQUILLA S.A. E.S.P.;ATLANTICO;USIACURI;5325;1820;1820;7.5;31.297;39;134.02;305.17;10-mar-25;
SOCIEDAD DE ACUEDUCTO; ALCANTARILLADO Y ASEO DE BARRANQUILLA S.A. E.S.P.;ATLANTICO;USIACURI;6319;1.663;1.663;7.787;28.817;35.183;32.683;110.608;14-mar-25;
SOCIEDAD DE ACUEDUCTO; ALCANTARILLADO Y ASEO DE BARRANQUILLA S.A. E.S.P.;ATLANTICO;USIACURI;6899;65.918;65.918;7.491;31.667;35.061;63.383;189.467;14-mar-25;
SOCIEDAD DE ACUEDUCTO; ALCANTARILLADO Y ASEO DE BARRANQUILLA S.A. E.S.P.;ATLANTICO;USIACURI;6900;748.26;748.26;7.554;31.108;44.542;48.733;153.5;12-mar-25;
SOCIEDAD DE ACUEDUCTO; ALCANTARILLADO Y ASEO DE BARRANQUILLA S.A. E.S.P.;ATLANTICO;USIACURI;6901;81.46;81.46;7.663;29.892;17.765;40.292;127.208;14-mar-25;
SOCIEDAD DE ACUEDUCTO; ALCANTARILLADO Y ASEO DE BARRANQUILLA S.A. E.S.P.;ATLANTICO;USIACURI;6902;54.844;54.844;7.184;30.933;29.337;73.342;181.667;13-mar-25;
SOCIEDAD DE ACUEDUCTO; ALCANTARILLADO Y ASEO DE BARRANQUILLA S.A. E.S.P.;ATLANTICO;USIACURI;6903;65.187;65.187;6.988;30.925;19.88;60.325;150.8;14-mar-25;
SOCIEDAD DE ACUEDUCTO; ALCANTARILLADO Y ASEO DE BARRANQUILLA S.A. E.S.P.;ATLANTICO;USIACURI;6904;52.932;52.932;7.373;30.533;53.05;59.158;219.125;13-mar-25;
SOCIEDAD DE ACUEDUCTO; ALCANTARILLADO Y ASEO DE BARRANQUILLA S.A. E.S.P.;ATLANTICO;USIACURI;6905;46.66;46.66;7.446;30.433;73.9;61.45;244.083;13-mar-25;
SOCIEDAD DE ACUEDUCTO; ALCANTARILLADO Y ASEO DE BARRANQUILLA S.A. E.S.P.;ATLANTICO;USIACURI;6906;33.371;33.371;7.551;29.467;42.742;39.55;164.1;14-mar-25;
SOCIEDAD DE ACUEDUCTO; ALCANTARILLADO Y ASEO DE BARRANQUILLA S.A. E.S.P.;ATLANTICO;USIACURI;6907;1820;1820;7.53;31.19;39;134.02;305.17;10-mar-25;
SOCIEDAD DE ACUEDUCTO; ALCANTARILLADO Y ASEO DE BARRANQUILLA S.A. E.S.P.;ATLANTICO;USIACURI;6908;1.663;1.663;7.787;28.817;35.183;32.683;110.608;14-mar-25;
SOCIEDAD DE ACUEDUCTO; ALCANTARILLADO Y ASEO DE BARRANQUILLA S.A. E.S.P.;ATLANTICO;USIACURI;6909;24.926;24.926;7.494;29.783;20.46;24.533;117.133;14-mar-25;
SOCIEDAD DE ACUEDUCTO; ALCANTARILLADO Y ASEO DE BARRANQUILLA S.A. E.S.P.;ATLANTICO;USIACURI;6910;16.065;16.065;8.195;30.308;59.95;44.542;149.775;15-mar-25;
SOCIEDAD DE ACUEDUCTOS Y ALCANTARILLADOS DEL VALLE DEL CAUCA S.A.  E.S.P.;VALLE;ALCALA;1181;26.99;26.99;6.4;28.2;27;80;165;9-may-25;;
SOCIEDAD DE ACUEDUCTOS Y ALCANTARILLADOS DEL VALLE DEL CAUCA S.A.  E.S.P.;VALLE;ALCALA;1182;54.26;54.26;7.83;28.3;38;86;165;9-may-25;;
SOCIEDAD DE ACUEDUCTOS Y ALCANTARILLADOS DEL VALLE DEL CAUCA S.A.  E.S.P.;VALLE;ALCALA;1183;47.23;47.23;7.95;26.9;39;126;247;9-may-25;;
SOCIEDAD DE ACUEDUCTOS Y ALCANTARILLADOS DEL VALLE DEL CAUCA S.A.  E.S.P.;VALLE;ALCALA;1184;74.69;74.69;7.9;28.8;35;115;227;9-may-25;;
SOCIEDAD DE ACUEDUCTOS Y ALCANTARILLADOS DEL VALLE DEL CAUCA S.A.  E.S.P.;VALLE;ALCALA;1185;87.64;87.64;7.86;27.9;42;131;263;9-may-25;;
SOCIEDAD DE ACUEDUCTOS Y ALCANTARILLADOS DEL VALLE DEL CAUCA S.A.  E.S.P.;VALLE;ANDALUCIA;1181;26.99;26.99;6.4;28.2;27;80;165;9-may-25;;
SOCIEDAD DE ACUEDUCTOS Y ALCANTARILLADOS DEL VALLE DEL CAUCA S.A.  E.S.P.;VALLE;ANDALUCIA;1182;54.26;54.26;7.83;28.3;38;86;165;9-may-25;;
SOCIEDAD DE ACUEDUCTOS Y ALCANTARILLADOS DEL VALLE DEL CAUCA S.A.  E.S.P.;VALLE;ANDALUCIA;1183;47.23;47.23;7.95;26.9;39;126;247;9-may-25;;
SOCIEDAD DE ACUEDUCTOS Y ALCANTARILLADOS DEL VALLE DEL CAUCA S.A.  E.S.P.;VALLE;ANDALUCIA;1184;74.69;74.69;7.9;28.8;35;115;227;9-may-25;;
SOCIEDAD DE ACUEDUCTOS Y ALCANTARILLADOS DEL VALLE DEL CAUCA S.A.  E.S.P.;VALLE;ANDALUCIA;1185;87.64;87.64;7.86;27.9;42;131;263;9-may-25;;
SOCIEDAD DE ACUEDUCTOS Y ALCANTARILLADOS DEL VALLE DEL CAUCA S.A.  E.S.P.;VALLE;ARGELIA;1181;26.99;26.99;6.4;28.2;27;80;165;9-may-25;;
SOCIEDAD DE ACUEDUCTOS Y ALCANTARILLADOS DEL VALLE DEL CAUCA S.A.  E.S.P.;VALLE;ARGELIA;1182;54.26;54.26;7.83;28.3;38;86;165;9-may-25;;
SOCIEDAD DE ACUEDUCTOS Y ALCANTARILLADOS DEL VALLE DEL CAUCA S.A.  E.S.P.;VALLE;ARGELIA;1183;47.23;47.23;7.95;26.9;39;126;247;9-may-25;;
SOCIEDAD DE ACUEDUCTOS Y ALCANTARILLADOS DEL VALLE DEL CAUCA S.A.  E.S.P.;VALLE;ARGELIA;1184;74.69;74.69;7.9;28.8;35;115;227;9-may-25;;
SOCIEDAD DE ACUEDUCTOS Y ALCANTARILLADOS DEL VALLE DEL CAUCA S.A.  E.S.P.;VALLE;ARGELIA;1185;87.64;87.64;7.86;27.9;42;131;263;9-may-25;;
SOCIEDAD DE ACUEDUCTOS Y ALCANTARILLADOS DEL VALLE DEL CAUCA S.A.  E.S.P.;VALLE;BOLIVAR;1181;26.99;26.99;6.4;28.2;27;80;165;9-may-25;;
SOCIEDAD DE ACUEDUCTOS Y ALCANTARILLADOS DEL VALLE DEL CAUCA S.A.  E.S.P.;VALLE;BOLIVAR;1182;54.26;54.26;7.83;28.3;38;86;165;9-may-25;;
SOCIEDAD DE ACUEDUCTOS Y ALCANTARILLADOS DEL VALLE DEL CAUCA S.A.  E.S.P.;VALLE;BOLIVAR;1183;47.23;47.23;7.95;26.9;39;126;247;9-may-25;;
SOCIEDAD DE ACUEDUCTOS Y ALCANTARILLADOS DEL VALLE DEL CAUCA S.A.  E.S.P.;VALLE;BOLIVAR;1184;74.69;74.69;7.9;28.8;35;115;227;9-may-25;;
SOCIEDAD DE ACUEDUCTOS Y ALCANTARILLADOS DEL VALLE DEL CAUCA S.A.  E.S.P.;VALLE;BOLIVAR;1185;87.64;87.64;7.86;27.9;42;131;263;9-may-25;;
SOCIEDAD DE ACUEDUCTOS Y ALCANTARILLADOS DEL VALLE DEL CAUCA S.A.  E.S.P.;VALLE;BUGALAGRANDE;1181;26.99;26.99;6.4;28.2;27;80;165;9-may-25;;
SOCIEDAD DE ACUEDUCTOS Y ALCANTARILLADOS DEL VALLE DEL CAUCA S.A.  E.S.P.;VALLE;BUGALAGRANDE;1182;54.26;54.26;7.83;28.3;38;86;165;9-may-25;;
SOCIEDAD DE ACUEDUCTOS Y ALCANTARILLADOS DEL VALLE DEL CAUCA S.A.  E.S.P.;VALLE;BUGALAGRANDE;1183;47.23;47.23;7.95;26.9;39;126;247;9-may-25;;
SOCIEDAD DE ACUEDUCTOS Y ALCANTARILLADOS DEL VALLE DEL CAUCA S.A.  E.S.P.;VALLE;BUGALAGRANDE;1184;74.69;74.69;7.9;28.8;35;115;227;9-may-25;;
SOCIEDAD DE ACUEDUCTOS Y ALCANTARILLADOS DEL VALLE DEL CAUCA S.A.  E.S.P.;VALLE;BUGALAGRANDE;1185;87.64;87.64;7.86;27.9;42;131;263;9-may-25;;
SOCIEDAD DE ACUEDUCTOS Y ALCANTARILLADOS DEL VALLE DEL CAUCA S.A.  E.S.P.;VALLE;CANDELARIA;1181;26.99;26.99;6.4;28.2;27;80;165;9-may-25;;
SOCIEDAD DE ACUEDUCTOS Y ALCANTARILLADOS DEL VALLE DEL CAUCA S.A.  E.S.P.;VALLE;CANDELARIA;1182;54.26;54.26;7.83;28.3;38;86;165;9-may-25;;
SOCIEDAD DE ACUEDUCTOS Y ALCANTARILLADOS DEL VALLE DEL CAUCA S.A.  E.S.P.;VALLE;CANDELARIA;1183;47.23;47.23;7.95;26.9;39;126;247;9-may-25;;
SOCIEDAD DE ACUEDUCTOS Y ALCANTARILLADOS DEL VALLE DEL CAUCA S.A.  E.S.P.;VALLE;CANDELARIA;1184;74.69;74.69;7.9;28.8;35;115;227;9-may-25;;
SOCIEDAD DE ACUEDUCTOS Y ALCANTARILLADOS DEL VALLE DEL CAUCA S.A.  E.S.P.;VALLE;CANDELARIA;1185;87.64;87.64;7.86;27.9;42;131;263;9-may-25;;
SOCIEDAD DE ACUEDUCTOS Y ALCANTARILLADOS DEL VALLE DEL CAUCA S.A.  E.S.P.;VALLE;DAGUA;1181;26.99;26.99;6.4;28.2;27;80;165;9-may-25;;
SOCIEDAD DE ACUEDUCTOS Y ALCANTARILLADOS DEL VALLE DEL CAUCA S.A.  E.S.P.;VALLE;DAGUA;1182;54.26;54.26;7.83;28.3;38;86;165;9-may-25;;
SOCIEDAD DE ACUEDUCTOS Y ALCANTARILLADOS DEL VALLE DEL CAUCA S.A.  E.S.P.;VALLE;DAGUA;1183;47.23;47.23;7.95;26.9;39;126;247;9-may-25;;
SOCIEDAD DE ACUEDUCTOS Y ALCANTARILLADOS DEL VALLE DEL CAUCA S.A.  E.S.P.;VALLE;DAGUA;1184;74.69;74.69;7.9;28.8;35;115;227;9-may-25;;
SOCIEDAD DE ACUEDUCTOS Y ALCANTARILLADOS DEL VALLE DEL CAUCA S.A.  E.S.P.;VALLE;DAGUA;1185;87.64;87.64;7.86;27.9;42;131;263;9-may-25;;
SOCIEDAD DE ACUEDUCTOS Y ALCANTARILLADOS DEL VALLE DEL CAUCA S.A.  E.S.P.;VALLE;EL AGUILA;1181;26.99;26.99;6.4;28.2;27;80;165;9-may-25;;
SOCIEDAD DE ACUEDUCTOS Y ALCANTARILLADOS DEL VALLE DEL CAUCA S.A.  E.S.P.;VALLE;EL AGUILA;1182;54.26;54.26;7.83;28.3;38;86;165;9-may-25;;
SOCIEDAD DE ACUEDUCTOS Y ALCANTARILLADOS DEL VALLE DEL CAUCA S.A.  E.S.P.;VALLE;EL AGUILA;1183;47.23;47.23;7.95;26.9;39;126;247;9-may-25;;
SOCIEDAD DE ACUEDUCTOS Y ALCANTARILLADOS DEL VALLE DEL CAUCA S.A.  E.S.P.;VALLE;EL AGUILA;1184;74.69;74.69;7.9;28.8;35;115;227;9-may-25;;
SOCIEDAD DE ACUEDUCTOS Y ALCANTARILLADOS DEL VALLE DEL CAUCA S.A.  E.S.P.;VALLE;EL AGUILA;1185;87.64;87.64;7.86;27.9;42;131;263;9-may-25;;
SOCIEDAD DE ACUEDUCTOS Y ALCANTARILLADOS DEL VALLE DEL CAUCA S.A.  E.S.P.;VALLE;EL CAIRO;1181;26.99;26.99;6.4;28.2;27;80;165;9-may-25;;
SOCIEDAD DE ACUEDUCTOS Y ALCANTARILLADOS DEL VALLE DEL CAUCA S.A.  E.S.P.;VALLE;EL CAIRO;1182;54.26;54.26;7.83;28.3;38;86;165;9-may-25;;
SOCIEDAD DE ACUEDUCTOS Y ALCANTARILLADOS DEL VALLE DEL CAUCA S.A.  E.S.P.;VALLE;EL CAIRO;1183;47.23;47.23;7.95;26.9;39;126;247;9-may-25;;
SOCIEDAD DE ACUEDUCTOS Y ALCANTARILLADOS DEL VALLE DEL CAUCA S.A.  E.S.P.;VALLE;EL CAIRO;1184;74.69;74.69;7.9;28.8;35;115;227;9-may-25;;
SOCIEDAD DE ACUEDUCTOS Y ALCANTARILLADOS DEL VALLE DEL CAUCA S.A.  E.S.P.;VALLE;EL CAIRO;1185;87.64;87.64;7.86;27.9;42;131;263;9-may-25;;
SOCIEDAD DE ACUEDUCTOS Y ALCANTARILLADOS DEL VALLE DEL CAUCA S.A.  E.S.P.;VALLE;EL CERRITO;1181;26.99;26.99;6.4;28.2;27;80;165;9-may-25;;
SOCIEDAD DE ACUEDUCTOS Y ALCANTARILLADOS DEL VALLE DEL CAUCA S.A.  E.S.P.;VALLE;EL CERRITO;1182;54.26;54.26;7.83;28.3;38;86;165;9-may-25;;
SOCIEDAD DE ACUEDUCTOS Y ALCANTARILLADOS DEL VALLE DEL CAUCA S.A.  E.S.P.;VALLE;EL CERRITO;1183;47.23;47.23;7.95;26.9;39;126;247;9-may-25;;
SOCIEDAD DE ACUEDUCTOS Y ALCANTARILLADOS DEL VALLE DEL CAUCA S.A.  E.S.P.;VALLE;EL CERRITO;1184;74.69;74.69;7.9;28.8;35;115;227;9-may-25;;
SOCIEDAD DE ACUEDUCTOS Y ALCANTARILLADOS DEL VALLE DEL CAUCA S.A.  E.S.P.;VALLE;EL CERRITO;1185;87.64;87.64;7.86;27.9;42;131;263;9-may-25;;
SOCIEDAD DE ACUEDUCTOS Y ALCANTARILLADOS DEL VALLE DEL CAUCA S.A.  E.S.P.;VALLE;EL DOVIO;1181;26.99;26.99;6.4;28.2;27;80;165;9-may-25;;
SOCIEDAD DE ACUEDUCTOS Y ALCANTARILLADOS DEL VALLE DEL CAUCA S.A.  E.S.P.;VALLE;EL DOVIO;1182;54.26;54.26;7.83;28.3;38;86;165;9-may-25;;
SOCIEDAD DE ACUEDUCTOS Y ALCANTARILLADOS DEL VALLE DEL CAUCA S.A.  E.S.P.;VALLE;EL DOVIO;1183;47.23;47.23;7.95;26.9;39;126;247;9-may-25;;
SOCIEDAD DE ACUEDUCTOS Y ALCANTARILLADOS DEL VALLE DEL CAUCA S.A.  E.S.P.;VALLE;EL DOVIO;1184;74.69;74.69;7.9;28.8;35;115;227;9-may-25;;
SOCIEDAD DE ACUEDUCTOS Y ALCANTARILLADOS DEL VALLE DEL CAUCA S.A.  E.S.P.;VALLE;EL DOVIO;1185;87.64;87.64;7.86;27.9;42;131;263;9-may-25;;
SOCIEDAD DE ACUEDUCTOS Y ALCANTARILLADOS DEL VALLE DEL CAUCA S.A.  E.S.P.;VALLE;FLORIDA;1181;26.99;26.99;6.4;28.2;27;80;165;9-may-25;;
SOCIEDAD DE ACUEDUCTOS Y ALCANTARILLADOS DEL VALLE DEL CAUCA S.A.  E.S.P.;VALLE;FLORIDA;1182;54.26;54.26;7.83;28.3;38;86;165;9-may-25;;
SOCIEDAD DE ACUEDUCTOS Y ALCANTARILLADOS DEL VALLE DEL CAUCA S.A.  E.S.P.;VALLE;FLORIDA;1183;47.23;47.23;7.95;26.9;39;126;247;9-may-25;;
SOCIEDAD DE ACUEDUCTOS Y ALCANTARILLADOS DEL VALLE DEL CAUCA S.A.  E.S.P.;VALLE;FLORIDA;1184;74.69;74.69;7.9;28.8;35;115;227;9-may-25;;
SOCIEDAD DE ACUEDUCTOS Y ALCANTARILLADOS DEL VALLE DEL CAUCA S.A.  E.S.P.;VALLE;FLORIDA;1185;87.64;87.64;7.86;27.9;42;131;263;9-may-25;;
SOCIEDAD DE ACUEDUCTOS Y ALCANTARILLADOS DEL VALLE DEL CAUCA S.A.  E.S.P.;VALLE;GINEBRA;1181;26.99;26.99;6.4;28.2;27;80;165;9-may-25;;
SOCIEDAD DE ACUEDUCTOS Y ALCANTARILLADOS DEL VALLE DEL CAUCA S.A.  E.S.P.;VALLE;GINEBRA;1182;54.26;54.26;7.83;28.3;38;86;165;9-may-25;;
SOCIEDAD DE ACUEDUCTOS Y ALCANTARILLADOS DEL VALLE DEL CAUCA S.A.  E.S.P.;VALLE;GINEBRA;1183;47.23;47.23;7.95;26.9;39;126;247;9-may-25;;
SOCIEDAD DE ACUEDUCTOS Y ALCANTARILLADOS DEL VALLE DEL CAUCA S.A.  E.S.P.;VALLE;GINEBRA;1184;74.69;74.69;7.9;28.8;35;115;227;9-may-25;;
SOCIEDAD DE ACUEDUCTOS Y ALCANTARILLADOS DEL VALLE DEL CAUCA S.A.  E.S.P.;VALLE;GINEBRA;1185;87.64;87.64;7.86;27.9;42;131;263;9-may-25;;
SOCIEDAD DE ACUEDUCTOS Y ALCANTARILLADOS DEL VALLE DEL CAUCA S.A.  E.S.P.;VALLE;GUACARI;1181;26.99;26.99;6.4;28.2;27;80;165;9-may-25;;
SOCIEDAD DE ACUEDUCTOS Y ALCANTARILLADOS DEL VALLE DEL CAUCA S.A.  E.S.P.;VALLE;GUACARI;1182;54.26;54.26;7.83;28.3;38;86;165;9-may-25;;
SOCIEDAD DE ACUEDUCTOS Y ALCANTARILLADOS DEL VALLE DEL CAUCA S.A.  E.S.P.;VALLE;GUACARI;1183;47.23;47.23;7.95;26.9;39;126;247;9-may-25;;
SOCIEDAD DE ACUEDUCTOS Y ALCANTARILLADOS DEL VALLE DEL CAUCA S.A.  E.S.P.;VALLE;GUACARI;1184;74.69;74.69;7.9;28.8;35;115;227;9-may-25;;
SOCIEDAD DE ACUEDUCTOS Y ALCANTARILLADOS DEL VALLE DEL CAUCA S.A.  E.S.P.;VALLE;GUACARI;1185;87.64;87.64;7.86;27.9;42;131;263;9-may-25;;
SOCIEDAD DE ACUEDUCTOS Y ALCANTARILLADOS DEL VALLE DEL CAUCA S.A.  E.S.P.;VALLE;JAMUNDI;1181;26.99;26.99;6.4;28.2;27;80;165;9-may-25;;
SOCIEDAD DE ACUEDUCTOS Y ALCANTARILLADOS DEL VALLE DEL CAUCA S.A.  E.S.P.;VALLE;JAMUNDI;1182;54.26;54.26;7.83;28.3;38;86;165;9-may-25;;
SOCIEDAD DE ACUEDUCTOS Y ALCANTARILLADOS DEL VALLE DEL CAUCA S.A.  E.S.P.;VALLE;JAMUNDI;1183;47.23;47.23;7.95;26.9;39;126;247;9-may-25;;
SOCIEDAD DE ACUEDUCTOS Y ALCANTARILLADOS DEL VALLE DEL CAUCA S.A.  E.S.P.;VALLE;JAMUNDI;1184;74.69;74.69;7.9;28.8;35;115;227;9-may-25;;
SOCIEDAD DE ACUEDUCTOS Y ALCANTARILLADOS DEL VALLE DEL CAUCA S.A.  E.S.P.;VALLE;JAMUNDI;1185;87.64;87.64;7.86;27.9;42;131;263;9-may-25;;
SOCIEDAD DE ACUEDUCTOS Y ALCANTARILLADOS DEL VALLE DEL CAUCA S.A.  E.S.P.;VALLE;LA CUMBRE;1181;26.99;26.99;6.4;28.2;27;80;165;9-may-25;;
SOCIEDAD DE ACUEDUCTOS Y ALCANTARILLADOS DEL VALLE DEL CAUCA S.A.  E.S.P.;VALLE;LA CUMBRE;1182;54.26;54.26;7.83;28.3;38;86;165;9-may-25;;
SOCIEDAD DE ACUEDUCTOS Y ALCANTARILLADOS DEL VALLE DEL CAUCA S.A.  E.S.P.;VALLE;LA CUMBRE;1183;47.23;47.23;7.95;26.9;39;126;247;9-may-25;;
SOCIEDAD DE ACUEDUCTOS Y ALCANTARILLADOS DEL VALLE DEL CAUCA S.A.  E.S.P.;VALLE;LA CUMBRE;1184;74.69;74.69;7.9;28.8;35;115;227;9-may-25;;
SOCIEDAD DE ACUEDUCTOS Y ALCANTARILLADOS DEL VALLE DEL CAUCA S.A.  E.S.P.;VALLE;LA CUMBRE;1185;87.64;87.64;7.86;27.9;42;131;263;9-may-25;;
SOCIEDAD DE ACUEDUCTOS Y ALCANTARILLADOS DEL VALLE DEL CAUCA S.A.  E.S.P.;VALLE;LA UNION;1181;26.99;26.99;6.4;28.2;27;80;165;9-may-25;;
SOCIEDAD DE ACUEDUCTOS Y ALCANTARILLADOS DEL VALLE DEL CAUCA S.A.  E.S.P.;VALLE;LA UNION;1182;54.26;54.26;7.83;28.3;38;86;165;9-may-25;;
SOCIEDAD DE ACUEDUCTOS Y ALCANTARILLADOS DEL VALLE DEL CAUCA S.A.  E.S.P.;VALLE;LA UNION;1183;47.23;47.23;7.95;26.9;39;126;247;9-may-25;;
SOCIEDAD DE ACUEDUCTOS Y ALCANTARILLADOS DEL VALLE DEL CAUCA S.A.  E.S.P.;VALLE;LA UNION;1184;74.69;74.69;7.9;28.8;35;115;227;9-may-25;;
SOCIEDAD DE ACUEDUCTOS Y ALCANTARILLADOS DEL VALLE DEL CAUCA S.A.  E.S.P.;VALLE;LA UNION;1185;87.64;87.64;7.86;27.9;42;131;263;9-may-25;;
SOCIEDAD DE ACUEDUCTOS Y ALCANTARILLADOS DEL VALLE DEL CAUCA S.A.  E.S.P.;VALLE;LA VICTORIA;1181;26.99;26.99;6.4;28.2;27;80;165;9-may-25;;
SOCIEDAD DE ACUEDUCTOS Y ALCANTARILLADOS DEL VALLE DEL CAUCA S.A.  E.S.P.;VALLE;LA VICTORIA;1182;54.26;54.26;7.83;28.3;38;86;165;9-may-25;;
SOCIEDAD DE ACUEDUCTOS Y ALCANTARILLADOS DEL VALLE DEL CAUCA S.A.  E.S.P.;VALLE;LA VICTORIA;1183;47.23;47.23;7.95;26.9;39;126;247;9-may-25;;
SOCIEDAD DE ACUEDUCTOS Y ALCANTARILLADOS DEL VALLE DEL CAUCA S.A.  E.S.P.;VALLE;LA VICTORIA;1184;74.69;74.69;7.9;28.8;35;115;227;9-may-25;;
SOCIEDAD DE ACUEDUCTOS Y ALCANTARILLADOS DEL VALLE DEL CAUCA S.A.  E.S.P.;VALLE;LA VICTORIA;1185;87.64;87.64;7.86;27.9;42;131;263;9-may-25;;
SOCIEDAD DE ACUEDUCTOS Y ALCANTARILLADOS DEL VALLE DEL CAUCA S.A.  E.S.P.;VALLE;OBANDO;1181;26.99;26.99;6.4;28.2;27;80;165;9-may-25;;
SOCIEDAD DE ACUEDUCTOS Y ALCANTARILLADOS DEL VALLE DEL CAUCA S.A.  E.S.P.;VALLE;OBANDO;1182;54.26;54.26;7.83;28.3;38;86;165;9-may-25;;
SOCIEDAD DE ACUEDUCTOS Y ALCANTARILLADOS DEL VALLE DEL CAUCA S.A.  E.S.P.;VALLE;OBANDO;1183;47.23;47.23;7.95;26.9;39;126;247;9-may-25;;
SOCIEDAD DE ACUEDUCTOS Y ALCANTARILLADOS DEL VALLE DEL CAUCA S.A.  E.S.P.;VALLE;OBANDO;1184;74.69;74.69;7.9;28.8;35;115;227;9-may-25;;
SOCIEDAD DE ACUEDUCTOS Y ALCANTARILLADOS DEL VALLE DEL CAUCA S.A.  E.S.P.;VALLE;OBANDO;1185;87.64;87.64;7.86;27.9;42;131;263;9-may-25;;
SOCIEDAD DE ACUEDUCTOS Y ALCANTARILLADOS DEL VALLE DEL CAUCA S.A.  E.S.P.;VALLE;PRADERA;1181;26.99;26.99;6.4;28.2;27;80;165;9-may-25;;
SOCIEDAD DE ACUEDUCTOS Y ALCANTARILLADOS DEL VALLE DEL CAUCA S.A.  E.S.P.;VALLE;PRADERA;1182;54.26;54.26;7.83;28.3;38;86;165;9-may-25;;
SOCIEDAD DE ACUEDUCTOS Y ALCANTARILLADOS DEL VALLE DEL CAUCA S.A.  E.S.P.;VALLE;PRADERA;1183;47.23;47.23;7.95;26.9;39;126;247;9-may-25;;
SOCIEDAD DE ACUEDUCTOS Y ALCANTARILLADOS DEL VALLE DEL CAUCA S.A.  E.S.P.;VALLE;PRADERA;1184;74.69;74.69;7.9;28.8;35;115;227;9-may-25;;
SOCIEDAD DE ACUEDUCTOS Y ALCANTARILLADOS DEL VALLE DEL CAUCA S.A.  E.S.P.;VALLE;PRADERA;1185;87.64;87.64;7.86;27.9;42;131;263;9-may-25;;
SOCIEDAD DE ACUEDUCTOS Y ALCANTARILLADOS DEL VALLE DEL CAUCA S.A.  E.S.P.;VALLE;RIOFRIO;1181;26.99;26.99;6.4;28.2;27;80;165;9-may-25;;
SOCIEDAD DE ACUEDUCTOS Y ALCANTARILLADOS DEL VALLE DEL CAUCA S.A.  E.S.P.;VALLE;RIOFRIO;1182;54.26;54.26;7.83;28.3;38;86;165;9-may-25;;
SOCIEDAD DE ACUEDUCTOS Y ALCANTARILLADOS DEL VALLE DEL CAUCA S.A.  E.S.P.;VALLE;RIOFRIO;1183;47.23;47.23;7.95;26.9;39;126;247;9-may-25;;
SOCIEDAD DE ACUEDUCTOS Y ALCANTARILLADOS DEL VALLE DEL CAUCA S.A.  E.S.P.;VALLE;RIOFRIO;1184;74.69;74.69;7.9;28.8;35;115;227;9-may-25;;
SOCIEDAD DE ACUEDUCTOS Y ALCANTARILLADOS DEL VALLE DEL CAUCA S.A.  E.S.P.;VALLE;RIOFRIO;1185;87.64;87.64;7.86;27.9;42;131;263;9-may-25;;
SOCIEDAD DE ACUEDUCTOS Y ALCANTARILLADOS DEL VALLE DEL CAUCA S.A.  E.S.P.;VALLE;ROLDANILLO;1181;26.99;26.99;6.4;28.2;27;80;165;9-may-25;;
SOCIEDAD DE ACUEDUCTOS Y ALCANTARILLADOS DEL VALLE DEL CAUCA S.A.  E.S.P.;VALLE;ROLDANILLO;1182;54.26;54.26;7.83;28.3;38;86;165;9-may-25;;
SOCIEDAD DE ACUEDUCTOS Y ALCANTARILLADOS DEL VALLE DEL CAUCA S.A.  E.S.P.;VALLE;ROLDANILLO;1183;47.23;47.23;7.95;26.9;39;126;247;9-may-25;;
SOCIEDAD DE ACUEDUCTOS Y ALCANTARILLADOS DEL VALLE DEL CAUCA S.A.  E.S.P.;VALLE;ROLDANILLO;1184;74.69;74.69;7.9;28.8;35;115;227;9-may-25;;
SOCIEDAD DE ACUEDUCTOS Y ALCANTARILLADOS DEL VALLE DEL CAUCA S.A.  E.S.P.;VALLE;ROLDANILLO;1185;87.64;87.64;7.86;27.9;42;131;263;9-may-25;;
SOCIEDAD DE ACUEDUCTOS Y ALCANTARILLADOS DEL VALLE DEL CAUCA S.A.  E.S.P.;VALLE;SAN PEDRO;1181;26.99;26.99;6.4;28.2;27;80;165;9-may-25;;
SOCIEDAD DE ACUEDUCTOS Y ALCANTARILLADOS DEL VALLE DEL CAUCA S.A.  E.S.P.;VALLE;SAN PEDRO;1182;54.26;54.26;7.83;28.3;38;86;165;9-may-25;;
SOCIEDAD DE ACUEDUCTOS Y ALCANTARILLADOS DEL VALLE DEL CAUCA S.A.  E.S.P.;VALLE;SAN PEDRO;1183;47.23;47.23;7.95;26.9;39;126;247;9-may-25;;
SOCIEDAD DE ACUEDUCTOS Y ALCANTARILLADOS DEL VALLE DEL CAUCA S.A.  E.S.P.;VALLE;SAN PEDRO;1184;74.69;74.69;7.9;28.8;35;115;227;9-may-25;;
SOCIEDAD DE ACUEDUCTOS Y ALCANTARILLADOS DEL VALLE DEL CAUCA S.A.  E.S.P.;VALLE;SAN PEDRO;1185;87.64;87.64;7.86;27.9;42;131;263;9-may-25;;
SOCIEDAD DE ACUEDUCTOS Y ALCANTARILLADOS DEL VALLE DEL CAUCA S.A.  E.S.P.;VALLE;SEVILLA;1181;26.99;26.99;6.4;28.2;27;80;165;9-may-25;;
SOCIEDAD DE ACUEDUCTOS Y ALCANTARILLADOS DEL VALLE DEL CAUCA S.A.  E.S.P.;VALLE;SEVILLA;1182;54.26;54.26;7.83;28.3;38;86;165;9-may-25;;
SOCIEDAD DE ACUEDUCTOS Y ALCANTARILLADOS DEL VALLE DEL CAUCA S.A.  E.S.P.;VALLE;SEVILLA;1183;47.23;47.23;7.95;26.9;39;126;247;9-may-25;;
SOCIEDAD DE ACUEDUCTOS Y ALCANTARILLADOS DEL VALLE DEL CAUCA S.A.  E.S.P.;VALLE;SEVILLA;1184;74.69;74.69;7.9;28.8;35;115;227;9-may-25;;
SOCIEDAD DE ACUEDUCTOS Y ALCANTARILLADOS DEL VALLE DEL CAUCA S.A.  E.S.P.;VALLE;SEVILLA;1185;87.64;87.64;7.86;27.9;42;131;263;9-may-25;;
SOCIEDAD DE ACUEDUCTOS Y ALCANTARILLADOS DEL VALLE DEL CAUCA S.A.  E.S.P.;VALLE;TORO;1181;26.99;26.99;6.4;28.2;27;80;165;9-may-25;;
SOCIEDAD DE ACUEDUCTOS Y ALCANTARILLADOS DEL VALLE DEL CAUCA S.A.  E.S.P.;VALLE;TORO;1182;54.26;54.26;7.83;28.3;38;86;165;9-may-25;;
SOCIEDAD DE ACUEDUCTOS Y ALCANTARILLADOS DEL VALLE DEL CAUCA S.A.  E.S.P.;VALLE;TORO;1183;47.23;47.23;7.95;26.9;39;126;247;9-may-25;;
SOCIEDAD DE ACUEDUCTOS Y ALCANTARILLADOS DEL VALLE DEL CAUCA S.A.  E.S.P.;VALLE;TORO;1184;74.69;74.69;7.9;28.8;35;115;227;9-may-25;;
SOCIEDAD DE ACUEDUCTOS Y ALCANTARILLADOS DEL VALLE DEL CAUCA S.A.  E.S.P.;VALLE;TORO;1185;87.64;87.64;7.86;27.9;42;131;263;9-may-25;;
SOCIEDAD DE ACUEDUCTOS Y ALCANTARILLADOS DEL VALLE DEL CAUCA S.A.  E.S.P.;VALLE;TRUJILLO;1181;26.99;26.99;6.4;28.2;27;80;165;9-may-25;;
SOCIEDAD DE ACUEDUCTOS Y ALCANTARILLADOS DEL VALLE DEL CAUCA S.A.  E.S.P.;VALLE;TRUJILLO;1182;54.26;54.26;7.83;28.3;38;86;165;9-may-25;;
SOCIEDAD DE ACUEDUCTOS Y ALCANTARILLADOS DEL VALLE DEL CAUCA S.A.  E.S.P.;VALLE;TRUJILLO;1183;47.23;47.23;7.95;26.9;39;126;247;9-may-25;;
SOCIEDAD DE ACUEDUCTOS Y ALCANTARILLADOS DEL VALLE DEL CAUCA S.A.  E.S.P.;VALLE;TRUJILLO;1184;74.69;74.69;7.9;28.8;35;115;227;9-may-25;;
SOCIEDAD DE ACUEDUCTOS Y ALCANTARILLADOS DEL VALLE DEL CAUCA S.A.  E.S.P.;VALLE;TRUJILLO;1185;87.64;87.64;7.86;27.9;42;131;263;9-may-25;;
SOCIEDAD DE ACUEDUCTOS Y ALCANTARILLADOS DEL VALLE DEL CAUCA S.A.  E.S.P.;VALLE;VIJES;1181;26.99;26.99;6.4;28.2;27;80;165;9-may-25;;
SOCIEDAD DE ACUEDUCTOS Y ALCANTARILLADOS DEL VALLE DEL CAUCA S.A.  E.S.P.;VALLE;VIJES;1182;54.26;54.26;7.83;28.3;38;86;165;9-may-25;;
SOCIEDAD DE ACUEDUCTOS Y ALCANTARILLADOS DEL VALLE DEL CAUCA S.A.  E.S.P.;VALLE;VIJES;1183;47.23;47.23;7.95;26.9;39;126;247;9-may-25;;
SOCIEDAD DE ACUEDUCTOS Y ALCANTARILLADOS DEL VALLE DEL CAUCA S.A.  E.S.P.;VALLE;VIJES;1184;74.69;74.69;7.9;28.8;35;115;227;9-may-25;;
SOCIEDAD DE ACUEDUCTOS Y ALCANTARILLADOS DEL VALLE DEL CAUCA S.A.  E.S.P.;VALLE;VIJES;1185;87.64;87.64;7.86;27.9;42;131;263;9-may-25;;
SOCIEDAD DE ACUEDUCTOS Y ALCANTARILLADOS DEL VALLE DEL CAUCA S.A.  E.S.P.;VALLE;YOTOCO;1181;26.99;26.99;6.4;28.2;27;80;165;9-may-25;;
SOCIEDAD DE ACUEDUCTOS Y ALCANTARILLADOS DEL VALLE DEL CAUCA S.A.  E.S.P.;VALLE;YOTOCO;1182;54.26;54.26;7.83;28.3;38;86;165;9-may-25;;
SOCIEDAD DE ACUEDUCTOS Y ALCANTARILLADOS DEL VALLE DEL CAUCA S.A.  E.S.P.;VALLE;YOTOCO;1183;47.23;47.23;7.95;26.9;39;126;247;9-may-25;;
SOCIEDAD DE ACUEDUCTOS Y ALCANTARILLADOS DEL VALLE DEL CAUCA S.A.  E.S.P.;VALLE;YOTOCO;1184;74.69;74.69;7.9;28.8;35;115;227;9-may-25;;
SOCIEDAD DE ACUEDUCTOS Y ALCANTARILLADOS DEL VALLE DEL CAUCA S.A.  E.S.P.;VALLE;YOTOCO;1185;87.64;87.64;7.86;27.9;42;131;263;9-may-25;;
SOCIEDAD DE ACUEDUCTOS Y ALCANTARILLADOS DEL VALLE DEL CAUCA S.A.  E.S.P.;VALLE;ZARZAL;1181;26.99;26.99;6.4;28.2;27;80;165;9-may-25;;
SOCIEDAD DE ACUEDUCTOS Y ALCANTARILLADOS DEL VALLE DEL CAUCA S.A.  E.S.P.;VALLE;ZARZAL;1182;54.26;54.26;7.83;28.3;38;86;165;9-may-25;;
SOCIEDAD DE ACUEDUCTOS Y ALCANTARILLADOS DEL VALLE DEL CAUCA S.A.  E.S.P.;VALLE;ZARZAL;1183;47.23;47.23;7.95;26.9;39;126;247;9-may-25;;
SOCIEDAD DE ACUEDUCTOS Y ALCANTARILLADOS DEL VALLE DEL CAUCA S.A.  E.S.P.;VALLE;ZARZAL;1184;74.69;74.69;7.9;28.8;35;115;227;9-may-25;;
SOCIEDAD DE ACUEDUCTOS Y ALCANTARILLADOS DEL VALLE DEL CAUCA S.A.  E.S.P.;VALLE;ZARZAL;1185;87.64;87.64;7.86;27.9;42;131;263;9-may-25;;
UNIDAD  DE SERVICIOS PUBLICOS DOMICILIARIOS DE PALMAR - SANTANDER;SANTANDER;PALMAR;3582;1.9;1.9;0;0;0;0;0;25-mar-25;;
UNIDAD ADMINISTRADORA DE LOS SERVICIOS PÚBLICOS DE JESÚS MARÍA ;SANTANDER;JESUS MARIA;7359;5;4;0;0;0;0;0;12-mar-25;;
UNIDAD DE SERVICIOS PUBLICOS DE ACUEDUCTO; ALCANTARILLADO Y ASEO;SANTANDER;CALIFORNIA;7302;0;0;0;0;0;0;0;29-JAN-25;
UNIDAD DE SERVICIOS PUBLICOS DE MATANZA;SANTANDER;MATANZA;8539;5;5;0;0;0;0;0;29-AUG-25;;
UNIDAD DE SERVICIOS PUBLICOS DOMICILIARIOS DE CHIQUIZA;BOYACA;CHIQUIZA;6919;0;0;0;0;0;0;0;6-feb-25;;
UNIDAD DE SERVICIOS PUBLICOS DOMICILIARIOS DEL MUNICIPIO DE GUACA ;SANTANDER;GUACA;2882;0;0;0;0;0;0;0;3-jun-25;;
UNIDAD DE SERVICIOS PUBLICOS DOMICILIARIOS DEL MUNICIPIO DE GUACA ;SANTANDER;GUACA;2883;0;0;0;0;0;0;0;3-jun-25;;
UNIDAD DE SERVICIOS PÚBLICOS DEL MUNICIPIO DE ENTRERRIOS;ANTIOQUIA;ENTRERRIOS;2743;4.956;4.708;7.03;21.5;131.3;246.1;434;9-oct-25;;
UNIDAD MUNICIPAL DE SERVICIOS PUBLICOS DOMICILIARIOS DE TUNUNGUA;BOYACA;TUNUNGUA;1362;3;2;7.6;20;72;32;86;7-mar-25;;
VEOLIA AGUAS DE LA GUAJIRA S.A.S E.S.P.;LA GUAJIRA;BARRANCAS;7459;37;19;8.25;31.49;18;4;62;16-JAN-25;;
VEOLIA AGUAS DE LA GUAJIRA S.A.S E.S.P.;LA GUAJIRA;BARRANCAS;7460;2;1;7.17;28.68;19;4;28;16-JAN-25;;
VEOLIA AGUAS DE LA GUAJIRA S.A.S E.S.P.;LA GUAJIRA;BARRANCAS;7461;23;14;8.12;28.93;14.47;16;74;16-JAN-25;;
VEOLIA AGUAS DE LA GUAJIRA S.A.S E.S.P.;LA GUAJIRA;BARRANCAS;7462;0;21.19;7.5;32.58;17;9;80;17-JAN-25;;
VEOLIA AGUAS DE LA GUAJIRA S.A.S E.S.P.;LA GUAJIRA;BARRANCAS;7463;2;2;7.26;28.54;18;4;45;16-JAN-25;;
VEOLIA AGUAS DE LA GUAJIRA S.A.S E.S.P.;LA GUAJIRA;BARRANCAS;7464;30.87;13.97;8.28;30.88;17.5;6;68;17-JAN-25;;
VEOLIA AGUAS DE LA GUAJIRA S.A.S E.S.P.;LA GUAJIRA;BARRANCAS;7465;10;5;7.25;31.51;18;4;71;17-JAN-25;;
VEOLIA AGUAS DE LA GUAJIRA S.A.S E.S.P.;LA GUAJIRA;BARRANCAS;7466;59.17;42;7.38;30.71;10.8;5;48;17-JAN-25;;
VEOLIA AGUAS DE LA GUAJIRA S.A.S E.S.P.;LA GUAJIRA;BARRANCAS;7467;56.14;30.63;7.2;29.54;16;4;48;17-JAN-25;;
VEOLIA AGUAS DE LA GUAJIRA S.A.S E.S.P.;LA GUAJIRA;BARRANCAS;7468;6;3;8.41;33.21;25;4;52;16-JAN-25;;
VEOLIA AGUAS DE LA GUAJIRA S.A.S E.S.P.;LA GUAJIRA;DISTRACCIÓN;7459;37;19;8.25;31.49;18;4;62;16-JAN-25;;
VEOLIA AGUAS DE LA GUAJIRA S.A.S E.S.P.;LA GUAJIRA;DISTRACCIÓN;7460;2;1;7.17;28.68;19;4;28;16-JAN-25;;
VEOLIA AGUAS DE LA GUAJIRA S.A.S E.S.P.;LA GUAJIRA;DISTRACCIÓN;7461;23;14;8.12;28.93;14.47;16;74;16-JAN-25;;
VEOLIA AGUAS DE LA GUAJIRA S.A.S E.S.P.;LA GUAJIRA;DISTRACCIÓN;7462;0;21.19;7.5;32.58;17;9;80;17-JAN-25;;
VEOLIA AGUAS DE LA GUAJIRA S.A.S E.S.P.;LA GUAJIRA;DISTRACCIÓN;7463;2;2;7.26;28.54;18;4;45;16-JAN-25;;
VEOLIA AGUAS DE LA GUAJIRA S.A.S E.S.P.;LA GUAJIRA;DISTRACCIÓN;7464;30.87;13.97;8.28;30.88;17.5;6;68;17-JAN-25;;
VEOLIA AGUAS DE LA GUAJIRA S.A.S E.S.P.;LA GUAJIRA;DISTRACCIÓN;7465;10;5;7.25;31.51;18;4;71;17-JAN-25;;
VEOLIA AGUAS DE LA GUAJIRA S.A.S E.S.P.;LA GUAJIRA;DISTRACCIÓN;7466;59.17;42;7.38;30.71;10.8;5;48;17-JAN-25;;
VEOLIA AGUAS DE LA GUAJIRA S.A.S E.S.P.;LA GUAJIRA;DISTRACCIÓN;7467;56.14;30.63;7.2;29.54;16;4;48;17-JAN-25;;
VEOLIA AGUAS DE LA GUAJIRA S.A.S E.S.P.;LA GUAJIRA;DISTRACCIÓN;7468;6;3;8.41;33.21;25;4;52;16-JAN-25;;
VEOLIA AGUAS DE LA GUAJIRA S.A.S E.S.P.;LA GUAJIRA;EL MOLINO;7459;37;19;8.25;31.49;18;4;62;16-JAN-25;;
VEOLIA AGUAS DE LA GUAJIRA S.A.S E.S.P.;LA GUAJIRA;EL MOLINO;7460;2;1;7.17;28.68;19;4;28;16-JAN-25;;
VEOLIA AGUAS DE LA GUAJIRA S.A.S E.S.P.;LA GUAJIRA;EL MOLINO;7461;23;14;8.12;28.93;14.47;16;74;16-JAN-25;;
VEOLIA AGUAS DE LA GUAJIRA S.A.S E.S.P.;LA GUAJIRA;EL MOLINO;7462;0;21.19;7.5;32.58;17;9;80;17-JAN-25;;
VEOLIA AGUAS DE LA GUAJIRA S.A.S E.S.P.;LA GUAJIRA;EL MOLINO;7463;2;2;7.26;28.54;18;4;45;16-JAN-25;;
VEOLIA AGUAS DE LA GUAJIRA S.A.S E.S.P.;LA GUAJIRA;EL MOLINO;7464;30.87;13.97;8.28;30.88;17.5;6;68;17-JAN-25;;
VEOLIA AGUAS DE LA GUAJIRA S.A.S E.S.P.;LA GUAJIRA;EL MOLINO;7465;10;5;7.25;31.51;18;4;71;17-JAN-25;;
VEOLIA AGUAS DE LA GUAJIRA S.A.S E.S.P.;LA GUAJIRA;EL MOLINO;7466;59.17;42;7.38;30.71;10.8;5;48;17-JAN-25;;
VEOLIA AGUAS DE LA GUAJIRA S.A.S E.S.P.;LA GUAJIRA;EL MOLINO;7467;56.14;30.63;7.2;29.54;16;4;48;17-JAN-25;;
VEOLIA AGUAS DE LA GUAJIRA S.A.S E.S.P.;LA GUAJIRA;EL MOLINO;7468;6;3;8.41;33.21;25;4;52;16-JAN-25;;
VEOLIA AGUAS DE LA GUAJIRA S.A.S E.S.P.;LA GUAJIRA;FONSECA;7459;37;19;8.25;31.49;18;4;62;16-JAN-25;;
VEOLIA AGUAS DE LA GUAJIRA S.A.S E.S.P.;LA GUAJIRA;FONSECA;7460;2;1;7.17;28.68;19;4;28;16-JAN-25;;
VEOLIA AGUAS DE LA GUAJIRA S.A.S E.S.P.;LA GUAJIRA;FONSECA;7461;23;14;8.12;28.93;14.47;16;74;16-JAN-25;;
VEOLIA AGUAS DE LA GUAJIRA S.A.S E.S.P.;LA GUAJIRA;FONSECA;7462;0;21.19;7.5;32.58;17;9;80;17-JAN-25;;
VEOLIA AGUAS DE LA GUAJIRA S.A.S E.S.P.;LA GUAJIRA;FONSECA;7463;2;2;7.26;28.54;18;4;45;16-JAN-25;;
VEOLIA AGUAS DE LA GUAJIRA S.A.S E.S.P.;LA GUAJIRA;FONSECA;7464;30.87;13.97;8.28;30.88;17.5;6;68;17-JAN-25;;
VEOLIA AGUAS DE LA GUAJIRA S.A.S E.S.P.;LA GUAJIRA;FONSECA;7465;10;5;7.25;31.51;18;4;71;17-JAN-25;;
VEOLIA AGUAS DE LA GUAJIRA S.A.S E.S.P.;LA GUAJIRA;FONSECA;7466;59.17;42;7.38;30.71;10.8;5;48;17-JAN-25;;
VEOLIA AGUAS DE LA GUAJIRA S.A.S E.S.P.;LA GUAJIRA;FONSECA;7467;56.14;30.63;7.2;29.54;16;4;48;17-JAN-25;;
VEOLIA AGUAS DE LA GUAJIRA S.A.S E.S.P.;LA GUAJIRA;FONSECA;7468;6;3;8.41;33.21;25;4;52;16-JAN-25;;
VEOLIA AGUAS DE LA GUAJIRA S.A.S E.S.P.;LA GUAJIRA;HATONUEVO;7459;37;19;8.25;31.49;18;4;62;16-JAN-25;;
VEOLIA AGUAS DE LA GUAJIRA S.A.S E.S.P.;LA GUAJIRA;HATONUEVO;7460;2;1;7.17;28.68;19;4;28;16-JAN-25;;
VEOLIA AGUAS DE LA GUAJIRA S.A.S E.S.P.;LA GUAJIRA;HATONUEVO;7461;23;14;8.12;28.93;14.47;16;74;16-JAN-25;;
VEOLIA AGUAS DE LA GUAJIRA S.A.S E.S.P.;LA GUAJIRA;HATONUEVO;7462;0;21.19;7.5;32.58;17;9;80;17-JAN-25;;
VEOLIA AGUAS DE LA GUAJIRA S.A.S E.S.P.;LA GUAJIRA;HATONUEVO;7463;2;2;7.26;28.54;18;4;45;16-JAN-25;;
VEOLIA AGUAS DE LA GUAJIRA S.A.S E.S.P.;LA GUAJIRA;HATONUEVO;7464;30.87;13.97;8.28;30.88;17.5;6;68;17-JAN-25;;
VEOLIA AGUAS DE LA GUAJIRA S.A.S E.S.P.;LA GUAJIRA;HATONUEVO;7465;10;5;7.25;31.51;18;4;71;17-JAN-25;;
VEOLIA AGUAS DE LA GUAJIRA S.A.S E.S.P.;LA GUAJIRA;HATONUEVO;7466;59.17;42;7.38;30.71;10.8;5;48;17-JAN-25;;
VEOLIA AGUAS DE LA GUAJIRA S.A.S E.S.P.;LA GUAJIRA;HATONUEVO;7467;56.14;30.63;7.2;29.54;16;4;48;17-JAN-25;;
VEOLIA AGUAS DE LA GUAJIRA S.A.S E.S.P.;LA GUAJIRA;HATONUEVO;7468;6;3;8.41;33.21;25;4;52;16-JAN-25;;
VEOLIA AGUAS DE LA GUAJIRA S.A.S E.S.P.;LA GUAJIRA;SAN JUAN DEL CESAR;7459;37;19;8.25;31.49;18;4;62;16-JAN-25;;
VEOLIA AGUAS DE LA GUAJIRA S.A.S E.S.P.;LA GUAJIRA;SAN JUAN DEL CESAR;7460;2;1;7.17;28.68;19;4;28;16-JAN-25;;
VEOLIA AGUAS DE LA GUAJIRA S.A.S E.S.P.;LA GUAJIRA;SAN JUAN DEL CESAR;7461;23;14;8.12;28.93;14.47;16;74;16-JAN-25;;
VEOLIA AGUAS DE LA GUAJIRA S.A.S E.S.P.;LA GUAJIRA;SAN JUAN DEL CESAR;7462;0;21.19;7.5;32.58;17;9;80;17-JAN-25;;
VEOLIA AGUAS DE LA GUAJIRA S.A.S E.S.P.;LA GUAJIRA;SAN JUAN DEL CESAR;7463;2;2;7.26;28.54;18;4;45;16-JAN-25;;
VEOLIA AGUAS DE LA GUAJIRA S.A.S E.S.P.;LA GUAJIRA;SAN JUAN DEL CESAR;7464;30.87;13.97;8.28;30.88;17.5;6;68;17-JAN-25;;
VEOLIA AGUAS DE LA GUAJIRA S.A.S E.S.P.;LA GUAJIRA;SAN JUAN DEL CESAR;7465;10;5;7.25;31.51;18;4;71;17-JAN-25;;
VEOLIA AGUAS DE LA GUAJIRA S.A.S E.S.P.;LA GUAJIRA;SAN JUAN DEL CESAR;7466;59.17;42;7.38;30.71;10.8;5;48;17-JAN-25;;
VEOLIA AGUAS DE LA GUAJIRA S.A.S E.S.P.;LA GUAJIRA;SAN JUAN DEL CESAR;7467;56.14;30.63;7.2;29.54;16;4;48;17-JAN-25;;
VEOLIA AGUAS DE LA GUAJIRA S.A.S E.S.P.;LA GUAJIRA;SAN JUAN DEL CESAR;7468;6;3;8.41;33.21;25;4;52;16-JAN-25;;
VEOLIA AGUAS DE LA GUAJIRA S.A.S E.S.P.;LA GUAJIRA;VILLANUEVA;7459;37;19;8.25;31.49;18;4;62;16-JAN-25;;
VEOLIA AGUAS DE LA GUAJIRA S.A.S E.S.P.;LA GUAJIRA;VILLANUEVA;7460;2;1;7.17;28.68;19;4;28;16-JAN-25;;
VEOLIA AGUAS DE LA GUAJIRA S.A.S E.S.P.;LA GUAJIRA;VILLANUEVA;7461;23;14;8.12;28.93;14.47;16;74;16-JAN-25;;
VEOLIA AGUAS DE LA GUAJIRA S.A.S E.S.P.;LA GUAJIRA;VILLANUEVA;7462;0;21.19;7.5;32.58;17;9;80;17-JAN-25;;
VEOLIA AGUAS DE LA GUAJIRA S.A.S E.S.P.;LA GUAJIRA;VILLANUEVA;7463;2;2;7.26;28.54;18;4;45;16-JAN-25;;
VEOLIA AGUAS DE LA GUAJIRA S.A.S E.S.P.;LA GUAJIRA;VILLANUEVA;7464;30.87;13.97;8.28;30.88;17.5;6;68;17-JAN-25;;
VEOLIA AGUAS DE LA GUAJIRA S.A.S E.S.P.;LA GUAJIRA;VILLANUEVA;7465;10;5;7.25;31.51;18;4;71;17-JAN-25;;
VEOLIA AGUAS DE LA GUAJIRA S.A.S E.S.P.;LA GUAJIRA;VILLANUEVA;7466;59.17;42;7.38;30.71;10.8;5;48;17-JAN-25;;
VEOLIA AGUAS DE LA GUAJIRA S.A.S E.S.P.;LA GUAJIRA;VILLANUEVA;7467;56.14;30.63;7.2;29.54;16;4;48;17-JAN-25;;
VEOLIA AGUAS DE LA GUAJIRA S.A.S E.S.P.;LA GUAJIRA;VILLANUEVA;7468;6;3;8.41;33.21;25;4;52;16-JAN-25;;
VEOLIA AGUAS DE MONTERÍA S.A. E.S.P.;CORDOBA;MONTERIA;521;370.5;278.167;7.108;31.15;30.917;28.75;59.833;13-feb-25;;
VEOLIA AGUAS DE MONTERÍA S.A. E.S.P.;CORDOBA;MONTERIA;2362;370.5;278.167;7.108;31.15;30.917;28.75;59.833;13-feb-25;;
VEOLIA AGUAS DE MONTERÍA S.A. E.S.P.;CORDOBA;MONTERIA;2363;293.917;272.833;7.788;30.842;67.583;58.417;161.167;13-feb-25;;
VEOLIA AGUAS DE MONTERÍA S.A. E.S.P.;CORDOBA;MONTERIA;5405;94.083;89.5;7.888;31.833;56.25;74.242;156.167;24-feb-25;;
VEOLIA AGUAS DE TUNJA S.A E.S.P.;BOYACA;TUNJA;5725;244;244;7.548;16.592;24.417;37.478;75.658;31-mar-25;;
VEOLIA AGUAS DEL ARCHIPIÉLAGO S.A.S  E.S.P.;SAN ANDRES;SAN ANDRES;5365;106.667;106.667;8.37;28.667;33;4;401.667;6-mar-25;;
;;;;;;;;;;;;;
Año;2024;;;;;;;;;;;;
